sampleid,lat,lon,gt_has_solar,pred_has_solar,confidence,pv_area_sqm_est
1,21.1101140695566,72.86434588591383,1,True,0.374,56.97
2,21.5030457045532,70.45946828968806,1,True,0.322,132.12
3,21.19117592527854,72.79289964914321,1,True,0.299,117.99
4,21.13615924045998,72.79990571527482,1,True,0.252,59.13
5,21.2169498609373,72.90308856945033,1,True,0.267,60.84
6,23.45299974343599,71.9957655386925,1,True,0.622,97.29
7,21.24767333600122,72.84232408332828,1,True,0.592,50.85
8,22.98773751244217,72.62128460845952,1,False,0.0,0.0
9,23.00252694624837,72.60532612037655,1,True,0.428,59.49
10,23.05396927202596,72.5598269097869,1,True,0.488,76.05
11,22.29917478646448,70.75958762202073,1,False,0.0,0.0
12,21.217002585855,72.89488177182768,1,True,0.35,110.97
13,21.72626589849582,70.44028967857359,1,True,0.283,58.14
14,21.21891175734652,72.8813489262505,1,True,0.449,47.25
15,23.06622237055553,72.51351346759792,1,False,0.0,0.0
16,22.03418797591663,71.20493871660231,1,True,0.279,425.61
17,21.11862821954662,72.84291725893019,1,False,0.0,0.0
18,21.74289694967455,70.27153947486876,1,True,0.615,74.7
19,21.76093731651043,70.6191275803566,1,True,0.454,99.36
20,21.2371749873309,72.89936005026246,1,True,0.352,69.48
21,22.98092585044233,72.60870174834065,1,True,0.542,60.48
22,21.16804390969734,72.83912105026246,1,True,0.394,92.34
23,23.06719377261334,72.5131808736801,1,True,0.324,41.76
24,22.97528731078682,72.49856594610212,1,True,0.287,109.53
25,21.23991325906177,72.90801457672117,1,True,0.6,122.76
26,21.23777066230477,72.87644408102034,1,True,0.325,46.53
27,23.00860571397525,72.55464903802871,1,True,0.538,86.94
28,21.11003472499278,72.86054140608216,1,False,0.0,0.0
29,21.23296360418978,72.8218992982864,1,False,0.0,0.0
30,21.21059453245082,72.78330227479937,1,True,0.277,87.03
31,21.26229880248162,72.95798349933625,1,False,0.0,0.0
32,21.24034616036452,72.90761224536897,1,True,0.533,102.96
33,21.21717882670544,72.89170366004947,1,True,0.527,62.91
34,21.22016811429782,72.85440536441803,1,False,0.0,0.0
35,21.21549659842495,72.82869655952453,1,False,0.0,0.0
36,23.03919126787812,72.66153866004947,1,True,0.295,50.31
37,23.07479506799794,72.56304174966813,1,True,0.311,77.94
38,22.95879277823601,72.62063795833586,1,True,0.311,87.57
39,21.72453409928515,70.44393375959393,1,True,0.337,72.18
40,22.29492523686542,70.75648583068848,1,True,0.279,108.54
41,23.10700346622111,72.60292792394256,1,True,0.572,93.33
42,21.21064739724968,72.78414717063902,1,False,0.0,0.0
43,21.24118071886051,72.87625014715198,1,False,0.0,0.0
44,21.21832973028315,72.8799524785042,1,False,0.0,0.0
45,22.98167907266579,72.59384629926686,1,True,0.307,57.78
46,21.20150223269714,72.87458886375428,1,True,0.455,75.06
47,21.2152470514684,72.7765509424667,1,False,0.0,0.0
48,21.13118638536136,72.8903632638931,1,True,0.475,105.84
49,23.11078101773977,72.56469144907379,1,False,0.0,0.0
50,23.04638935744823,72.66056355819705,1,True,0.513,114.03
51,22.37708227803411,71.97933866004946,1,True,0.475,121.77
52,21.26256303362808,72.9579754527092,1,True,0.435,128.61
53,21.22612402237056,72.92934973974232,1,False,0.0,0.0
54,23.0084210458758,72.66189737434382,1,False,0.0,0.0
55,23.10842183386725,72.57423107738492,1,False,0.0,0.0
56,23.07578379767167,72.5630927116394,1,True,0.293,59.22
57,23.06840126925896,72.67081614980694,1,False,0.0,0.0
58,22.27756751641574,70.80376968088153,1,True,0.3,65.34
59,22.97048093842656,72.61640454959873,1,False,0.0,0.0
60,21.21606569437,72.89256350562665,1,True,0.365,69.03
61,21.19688589840344,72.78091072883606,1,False,0.0,0.0
62,21.19608529896151,72.78136938657758,1,True,0.351,101.61
63,21.22083520015492,72.82890652380375,1,False,0.0,0.0
64,22.29189993933887,70.79017970800399,1,True,0.485,76.32
65,21.21481510376783,72.87400804662704,1,True,0.456,60.12
66,22.31621545950454,70.79254250793458,1,True,0.493,131.58
67,23.02327541749512,72.5721613982864,1,True,0.485,184.5
68,22.98182870933621,72.60365971031193,1,True,0.422,74.34
69,22.45884206262511,70.05688816204068,1,True,0.436,87.03
70,21.23041290770649,72.88963242195133,1,True,0.281,363.87
71,21.21808107181365,72.88146962565617,1,True,0.385,67.95
72,22.29821531814032,70.79546781349183,1,True,0.274,101.79
73,21.24677785684708,72.89100997056961,1,True,0.573,137.16
74,21.19614068634428,72.78012752380376,1,False,0.0,0.0
75,23.02935139423521,72.46702565641405,1,True,0.521,87.3
76,21.21746072645459,72.89413075330356,1,True,0.529,63.09
77,21.22298529335621,72.78843246263503,1,True,0.303,55.17
78,21.76543479754643,70.62195475330356,1,True,0.647,395.55
79,23.06878634504677,72.53798163194655,1,False,0.0,0.0
80,21.21642441014833,72.8939266147499,1,True,0.405,80.37
81,21.22179657295737,72.88332215938573,1,True,0.658,75.33
82,22.2890372446181,70.79349726123814,1,True,0.685,176.04
83,21.22392771090696,72.81963021230315,1,False,0.0,0.0
84,21.22472815846731,72.8191822833977,1,True,0.275,60.39
85,22.84952067161149,72.38961457672117,1,True,0.534,108.45
86,21.23376312413618,72.90430723180773,1,True,0.289,46.44
87,21.20810054036256,72.87528699636458,1,True,0.413,68.67
88,21.13121661001455,72.89018623809812,1,True,0.28,147.24
89,22.31438697523946,70.81857696924213,1,True,0.316,72.36
90,23.01164811490447,72.64123329563144,1,False,0.0,0.0
91,22.29489025897286,70.75698740377423,1,True,0.341,116.01
92,23.062681990183,72.52304134225848,1,True,0.678,104.04
93,23.07430685773368,72.54829189682012,1,True,0.296,86.85
94,21.14703347789559,72.86925440244674,1,True,0.307,47.61
95,23.04869437831949,72.53188011541364,1,True,0.413,146.25
96,21.21691955035032,72.89293211177822,1,True,0.319,72.09
97,22.98798112732474,72.62195516071321,1,True,0.458,75.6
98,21.22433477931479,72.82659311904906,1,False,0.0,0.0
99,22.28061010031434,70.76124565410609,1,True,0.515,120.69
100,21.21591717493827,72.89188758895493,1,True,0.534,69.93
101,23.04760951524528,72.64590054959872,1,False,0.0,0.0
102,23.02770437519987,72.65124361705784,1,False,0.0,0.0
103,21.13594515725483,72.79964554100039,1,False,0.0,0.0
104,22.45742228020487,70.06594367361069,1,True,0.397,119.88
105,21.23644094795635,72.90993107738493,1,True,0.639,111.33
106,21.2402228338306,72.90809772520063,1,True,0.491,97.74
107,21.23716709223694,72.88600186738971,1,True,0.506,47.34
108,23.07424412139084,72.64737201223375,1,False,0.0,0.0
109,22.26928487355952,70.76846816434863,1,False,0.0,0.0
110,23.05560622271321,72.67163253736497,1,True,0.362,118.35
111,23.11902516698502,72.57685475330355,1,True,0.419,33.66
112,21.1571270612338,72.77724307605743,1,False,0.0,0.0
113,21.21141088076143,72.7831827705002,1,False,0.0,0.0
114,21.22432290042575,72.81875581216434,1,False,0.0,0.0
115,21.21869779289108,72.8818585459633,1,True,0.34,91.62
116,23.04040315698278,72.66578886375429,1,True,0.29,129.51
117,21.22904142591454,72.82446087598804,1,False,0.0,0.0
118,21.21184638161092,72.78355023313523,1,False,0.0,0.0
119,23.0735422327058,72.65099726123815,1,True,0.722,100.53
120,21.21941465266211,72.87958233366015,1,True,0.332,66.42
121,22.26985403602587,70.7678853753243,1,False,0.0,0.0
122,21.20219021502332,72.87475784292222,1,False,0.0,0.0
123,22.98707378618047,72.62145090541843,1,False,0.0,0.0
124,23.0682950484298,72.5086727705002,1,True,0.445,70.02
125,23.00793024472765,72.52607935714718,1,True,0.442,112.32
126,21.197127588801,72.78087854232788,1,False,0.0,0.0
127,21.1918051217665,72.87087377679059,1,True,0.354,154.44
128,21.22380185437232,72.81953633498765,1,False,0.0,0.0
129,21.22361805910086,72.88820473379897,1,True,0.425,66.6
130,21.74201657431419,70.27222343816753,1,True,0.448,144.54
131,21.74942816289919,70.6104747509956,1,True,0.58,61.92
132,21.22726591174734,72.82943370304109,1,False,0.0,0.0
133,21.13086705512657,72.89075638294216,1,True,0.48,113.22
134,21.74539159671717,70.2737167949677,1,True,0.571,62.82
135,22.26272740963205,70.77720192394257,1,True,0.262,71.19
136,22.99943192965598,72.52969848346709,1,True,0.636,78.03
137,21.95059713264124,70.79060728836059,1,True,0.431,107.37
138,21.19563464707438,72.78023749437335,1,False,0.0,0.0
139,22.31295541521182,70.76494210052493,1,True,0.324,56.07
140,21.24038894712119,72.9078,1,True,0.495,140.04
141,21.2272528587452,72.81598385019306,1,False,0.0,0.0
142,23.03985641454586,72.44913755092621,1,True,0.669,118.71
143,21.22669910046215,72.81746711177821,1,True,0.28,44.28
144,23.0468440692908,72.66031411275868,1,True,0.432,52.11
145,21.21822348386438,72.89150517658237,1,True,0.285,53.28
146,23.1063452939596,72.60276967361068,1,True,0.541,63.9
147,21.18002576534247,72.80846934722138,1,True,0.363,166.14
148,21.13655970198491,72.80009346990586,1,True,0.372,76.5
149,23.10827778354851,72.57432227249143,1,False,0.0,0.0
150,22.27492248906938,70.7742539950371,1,True,0.492,78.12
151,23.05494780079755,72.67235941600798,1,True,0.306,113.4
152,21.22181419325569,72.88480273876186,1,True,0.253,99.0
153,21.22179405577189,72.88411072883606,1,True,0.418,50.67
154,23.05330338557525,72.56049746204059,1,False,0.0,0.0
155,21.17983188834629,72.80782293484883,1,True,0.413,166.5
156,22.27030383338036,70.7682850244675,1,True,0.284,89.37
157,22.26563481881984,70.77777889318469,1,False,0.0,0.0
158,22.28476785473888,70.7571793571472,1,True,0.334,125.46
159,23.04210133792956,72.57821183795932,1,False,0.0,0.0
160,23.06825717638353,72.67092880258556,1,True,0.298,110.16
161,23.07024536787968,72.65748314847946,1,True,0.498,59.76
162,23.07308512577237,72.65129766864779,1,True,0.699,102.6
163,21.74415006419166,70.27494524669645,1,True,0.562,87.3
164,22.27447270768173,70.77426204166414,1,True,0.387,132.48
165,22.27789485099557,70.80497667493817,1,False,0.0,0.0
166,21.17364333193047,72.78807588822178,1,True,0.486,70.38
167,22.99979349604735,72.50175749206541,1,True,0.658,61.11
168,23.05466029943812,72.64540081481931,1,False,0.0,0.0
169,21.21166448628848,72.88424471031193,1,True,0.466,61.29
170,21.20567347880123,72.78557597287754,1,True,0.257,95.04
171,21.21982244251221,72.87981568584443,1,True,0.296,184.23
172,23.01098349672325,72.5268643164635,1,True,0.446,86.85
173,21.20248658089598,72.87468542327882,1,False,0.0,0.0
174,21.13603834641472,72.8005199411392,1,True,0.281,67.41
175,21.3291887118453,72.75388618154527,1,True,0.564,63.63
176,21.22031495904977,72.88902098413084,1,True,0.324,64.17
177,22.98682180798239,72.61942676553728,1,False,0.0,0.0
178,23.03008826965655,72.63866239252094,1,False,0.0,0.0
179,21.19666686648064,72.78056740608217,1,True,0.32,77.4
180,21.23022469777682,72.78386583299641,1,True,0.349,51.03
181,22.43474942970373,70.60480688095095,1,True,0.552,55.35
182,22.334650228774,70.76854361705784,1,True,0.269,40.86
183,21.21812782851006,72.89281409458158,1,False,0.0,0.0
184,21.21628596102664,72.89293956183248,1,True,0.332,126.9
185,21.24077078981983,72.88937935714719,1,True,0.556,94.5
186,22.03606197102935,71.1992980195046,1,False,0.0,0.0
187,21.21440123881983,72.77644901852413,1,True,0.57,88.83
188,21.22177643547358,72.88487515840526,1,True,0.296,101.97
189,21.20495096882973,72.78674541600797,1,True,0.267,32.94
190,21.21652006590514,72.89309781216434,1,True,0.285,72.99
191,21.24342291511644,72.84710141600799,1,True,0.43,90.63
192,21.22999769978139,72.86596976553729,1,False,0.0,0.0
193,22.26302978947246,70.77755865774152,1,True,0.299,127.53
194,21.22173677976038,72.78745613855365,1,False,0.0,0.0
195,21.21476727516971,72.8737639656067,1,True,0.35,65.43
196,21.23470987301716,72.9392632638931,1,False,0.0,0.0
197,22.2882726911716,70.7937440244675,1,True,0.658,179.91
198,21.22438326794146,72.88709429926686,1,True,0.317,50.49
199,22.99956233069823,72.50212495470043,1,True,0.554,216.72
200,22.31196003004483,70.81606664781572,1,True,0.439,88.2
201,23.01904642640849,72.52068341237256,1,True,0.631,75.69
202,23.06912670235599,72.53851002712246,1,False,0.0,0.0
203,21.15246484903054,72.87374210052494,1,True,0.421,118.53
204,22.98841587787102,72.60253129066854,1,False,0.0,0.0
205,21.75283385009472,70.61249248843,1,True,0.458,74.34
206,21.2587777554474,72.85096548213961,1,True,0.343,110.7
207,22.29860756067625,70.79580308961867,1,False,0.0,0.0
208,21.76052602430733,70.61946822090148,1,True,0.397,65.61
209,23.05525589256186,72.67224408102034,1,True,0.413,65.7
210,23.03249452349374,72.64782221593858,1,False,0.0,0.0
211,22.98022231744947,72.60923550793459,1,True,0.377,66.69
212,21.21683896421229,72.89451430919266,1,True,0.518,39.42
213,21.21793034551489,72.80916528836059,1,True,0.696,53.28
214,22.94913091358017,72.60062600727085,1,False,0.0,0.0
215,22.98676305291188,72.62214559755326,1,False,0.0,0.0
216,22.30761969895636,70.78304326620103,1,True,0.532,64.98
217,21.21894006757465,72.88354058399202,1,True,0.371,48.33
218,22.31121309150755,70.81548460845951,1,True,0.556,96.39
219,21.21394801980543,72.87808385019306,1,True,0.312,108.45
220,21.21643620324561,72.89496760251616,1,True,0.683,108.99
221,21.20087128226545,72.86842682645872,1,False,0.0,0.0
222,22.99830898908966,72.62325510416035,1,False,0.0,0.0
223,22.26030622248608,70.80997891170881,1,False,0.0,0.0
224,23.05755401457661,72.65237358531951,1,True,0.263,93.78
225,21.22707756374549,72.88561230192181,1,False,0.0,0.0
226,23.11765181992093,72.57648997287754,1,True,0.44,63.09
227,23.11155589621062,72.56546392527004,1,False,0.0,0.0
228,22.03720835542111,71.20033871660232,1,False,0.0,0.0
229,21.14725288736095,72.86927125396728,1,False,0.0,0.0
230,22.29928252806828,70.77483827479936,1,False,0.0,0.0
231,21.32923650321363,72.75435825033186,1,True,0.364,80.91
232,22.98693209180999,72.62294489583965,1,False,0.0,0.0
233,23.0215043799999,72.58506239252095,1,True,0.3,89.37
234,22.29424204056465,70.79412227249142,1,True,0.274,44.19
235,21.17384424567273,72.85549078769685,1,False,0.0,0.0
236,22.33349232605045,70.76948588724132,1,True,0.364,59.76
237,22.27924778775463,70.77479469213482,1,True,0.362,72.18
238,21.21793651780144,72.89273631052015,1,True,0.293,36.0
239,23.10707052528172,72.60323906018827,1,True,0.695,97.74
240,21.13152947609465,72.8898927116394,1,True,0.62,112.41
241,21.2105341497267,72.88550458095094,1,True,0.53,63.72
242,21.23758238166081,72.88629691038133,1,True,0.286,93.33
243,23.05352203485758,72.56040894914311,1,True,0.343,89.37
244,21.21900938003331,72.87993906745912,1,True,0.349,67.95
245,21.2168347229999,72.89451670073315,1,True,0.261,85.86
246,22.25789074448564,70.81266256315996,1,True,0.43,46.89
247,22.28046965104868,70.77458816204069,1,True,0.627,112.95
248,21.23163874169096,72.89115038161468,1,True,0.484,80.64
249,22.25525234513736,70.80962484159474,1,True,0.41,88.02
250,23.00273076508029,72.60503912401197,1,True,0.398,56.88
251,22.29070548055047,70.75757813491823,1,True,0.379,66.24
252,23.05903788643231,72.65194489583965,1,False,0.0,0.0
253,22.31290045711394,70.7654275803566,1,False,0.0,0.0
254,22.2912501511165,70.75871002712246,1,True,0.413,60.21
255,21.21978049400899,72.82968972883606,1,True,0.395,132.66
256,22.29487277002658,70.7568908442497,1,True,0.391,120.42
257,23.07280865370165,72.66168588724132,1,True,0.32,66.78
258,23.00121703741397,72.6038830919266,1,True,0.522,145.53
259,23.06892050048252,72.67087247619625,1,True,0.436,79.2
260,21.21417205933175,72.87960466270442,1,True,0.346,59.22
261,21.2197553220246,72.82981311045074,1,False,0.0,0.0
262,23.11130796437137,72.60076594610211,1,True,0.634,112.32
263,21.19587885508025,72.78143375959394,1,True,0.261,44.37
264,22.29906517171182,70.77430719741444,1,False,0.0,0.0
265,21.95150126988214,70.79130734491343,1,True,0.298,79.56
266,23.07394597552475,72.54677778406143,1,True,0.368,100.53
267,22.28014731901406,70.77442186508178,1,True,0.566,109.71
268,21.19633665566148,72.80595778636936,1,True,0.355,55.71
269,21.25893152215958,72.85133142824174,1,False,0.0,0.0
270,22.27016139755144,70.76888852149581,1,True,0.456,84.96
271,23.00600157198608,72.6626996491432,1,False,0.0,0.0
272,21.23229567978095,72.89175119643397,1,True,0.276,73.62
273,21.17024580408363,72.81220056183247,1,True,0.343,98.64
274,21.22629770263537,72.93028583068848,1,False,0.0,0.0
275,21.20201832318503,72.87443597784045,1,True,0.397,56.52
276,23.01241739782759,72.5929739361763,1,True,0.478,102.96
277,23.00841856040185,72.66201002712245,1,False,0.0,0.0
278,22.96953342527254,72.60865586011887,1,True,0.483,76.95
279,21.21533756832823,72.87949737434383,1,True,0.293,61.11
280,23.06967326153867,72.53745591897966,1,False,0.0,0.0
281,22.99943384188205,72.52969422817232,1,True,0.642,75.51
282,22.27494247935328,70.77388653240209,1,True,0.464,183.06
283,21.23222274796823,72.82910089947507,1,True,0.517,293.85
284,21.22731075165661,72.81669731779098,1,False,0.0,0.0
285,23.07190436820206,72.66138011541364,1,True,0.269,115.74
286,21.22422720561213,72.88789896197129,1,True,0.384,50.85
287,21.7422749180809,70.27209469213481,1,True,0.398,43.38
288,21.2007700784007,72.86310606613164,1,True,0.25,41.94
289,21.14725006466957,72.86927049570083,1,False,0.0,0.0
290,21.21488307072304,72.87469737434382,1,False,0.0,0.0
291,22.25914528588359,70.7852103214264,1,True,0.332,123.48
292,22.19531498508816,70.82636664781572,1,False,0.0,0.0
293,23.03413486996186,72.43091004662705,1,True,0.415,57.33
294,23.0580807411526,72.65175131282808,1,False,0.0,0.0
295,22.27737741085219,70.79498425760272,1,True,0.292,46.35
296,21.22298529335621,72.78815887731552,1,True,0.375,123.84
297,21.21125411322554,72.88608662030714,1,True,0.333,42.3
298,21.19124390300303,72.79273335218429,1,True,0.405,112.68
299,22.27501244534691,70.77375242195134,1,True,0.556,74.43
300,23.03915647919114,72.66139650297168,1,False,0.0,0.0
301,21.26220317597148,72.95769918518069,1,True,0.465,69.3
302,21.17032447962624,72.89518314847946,1,True,0.527,76.14
303,21.24710939729973,72.89172419643398,1,True,0.569,127.98
304,22.23586252860926,70.81214827976227,1,False,0.0,0.0
305,21.12494240715963,72.85813319741445,1,True,0.28,46.89
306,22.98774248417447,72.62290734491344,1,False,0.0,0.0
307,21.20494593391704,72.78698413261029,1,False,0.0,0.0
308,21.21731475799841,72.8914756722832,1,True,0.628,80.1
309,22.94946162672484,72.60195638294216,1,True,0.452,84.78
310,22.24899750075208,70.78173259391784,1,False,0.0,0.0
311,21.21528557631703,72.87207339748385,1,True,0.367,113.49
312,22.28025843329345,70.82754450066375,1,False,0.0,0.0
313,21.24654313042302,72.89148547983167,1,True,0.511,152.19
314,21.14676934577512,72.86920653009413,1,False,0.0,0.0
315,23.00637191281908,72.6625548098564,1,True,0.283,54.45
316,21.22078077321268,72.89349230422975,1,True,0.475,115.11
317,23.04682862510681,72.67017481216433,1,True,0.471,84.42
318,21.73991135148949,70.27870338392262,1,True,0.448,75.69
319,23.256134921107,72.64002763690945,1,True,0.438,76.05
320,21.21785010410586,72.88306046857838,1,True,0.353,90.54
321,21.24146543785874,72.88920233135222,1,True,0.251,76.86
322,21.22065125356664,72.88402489814759,1,True,0.327,58.41
323,22.30673783150639,70.78297084655765,1,True,0.433,78.57
324,22.33358973794614,70.76917743320462,1,True,0.43,123.12
325,21.2182780343361,72.88392950429916,1,True,0.399,78.75
326,21.13117379175586,72.89032034854885,1,True,0.368,112.5
327,22.98126439390883,72.60472991170882,1,True,0.626,74.88
328,22.31209992488793,70.8192832050323,1,True,0.263,78.3
329,23.02929930448104,72.65160810317988,1,False,0.0,0.0
330,21.74204165623329,70.27222075595851,1,True,0.487,135.45
331,21.69397276204364,72.97060734491345,1,True,0.503,84.69
332,21.22954761481586,72.78452029199602,1,True,0.334,110.16
333,21.24730133947057,72.89154373016355,1,True,0.517,143.91
334,23.00650381233776,72.64155971031194,1,False,0.0,0.0
335,21.21611100538307,72.89236770436857,1,True,0.442,118.71
336,22.33490499542452,70.76887889318469,1,True,0.267,48.96
337,23.00878641054604,72.66158892030714,1,False,0.0,0.0
338,23.1090700603016,72.57380460615158,1,False,0.0,0.0
339,21.23343068397743,72.90489726123815,1,True,0.395,58.5
340,22.33463274478818,70.7684443753243,1,True,0.286,48.51
341,21.76033637190799,70.62021154365537,1,True,0.532,66.42
342,21.20951162896099,72.77741614980694,1,True,0.37,89.28
343,22.27803727901886,70.80515370073314,1,False,0.0,0.0
344,22.97627055776455,72.61591186144635,1,True,0.604,90.45
345,21.20081791166338,72.86414139881133,1,True,0.454,61.02
346,23.02727693390517,72.65250425529477,1,True,0.344,95.94
347,21.2340903314063,72.90404973974232,1,True,0.28,51.75
348,22.2871378247286,70.75253335218429,1,True,0.556,159.84
349,21.20974617829761,72.78341224536898,1,True,0.271,39.33
350,22.98106303025412,72.60483183565137,1,True,0.582,103.77
351,22.27625884093916,70.76134680667651,1,True,0.522,108.81
352,23.1181360923938,72.57723294477462,1,True,0.274,44.37
353,21.22653179342707,72.92981107969285,1,False,0.0,0.0
354,22.29333010519059,70.79362874603271,1,True,0.504,94.68
355,21.21558539592696,72.82962449073793,1,True,0.255,68.94
356,23.11868245108114,72.57815294246669,1,True,0.354,62.37
357,21.76000187753631,70.61929387731553,1,True,0.516,64.08
358,22.2496827230181,70.8128627999306,1,True,0.694,95.76
359,21.29540382268069,72.91634215707778,1,True,0.337,51.66
360,21.21817420928249,72.88277854365536,1,True,0.523,68.58
361,23.0075742399937,72.55501381845473,1,True,0.433,90.9
362,22.29804043293322,70.7951915459633,1,False,0.0,0.0
363,21.19705206055176,72.78122454729079,1,True,0.325,53.64
364,21.13624934497781,73.12377550926207,1,False,0.0,0.0
365,23.07377327044934,72.65231959028242,1,True,0.717,100.08
366,23.05940808329573,72.6505716048241,1,False,0.0,0.0
367,21.22920986361229,72.86590002810291,1,True,0.539,121.95
368,21.22177957155701,72.78877310317989,1,False,0.0,0.0
369,23.11804668824496,72.57661335449221,1,True,0.583,63.9
370,21.16459070331145,72.81434641237256,1,True,0.474,65.79
371,21.21704541265863,72.89205234722138,1,True,0.425,91.08
372,22.29477283319069,70.75650460615158,1,False,0.0,0.0
373,23.03975701910892,72.4482443753243,1,True,0.63,117.9
374,21.24070031827965,72.88881877546311,1,False,0.0,0.0
375,21.13084690543933,72.89040233135222,1,True,0.596,98.73
376,22.47304664775411,70.06115166368488,1,True,0.344,115.92
377,21.22003303161905,72.88850331779099,1,True,0.357,142.47
378,21.74271134347322,70.27143755092621,1,True,0.636,44.82
379,23.0205517285848,72.66925971031193,1,True,0.387,44.55
380,21.14750976882842,72.86928466501236,1,True,0.253,80.91
381,21.21776027992356,72.89433191897966,1,True,0.286,66.42
382,21.20079021872183,72.86336355819705,1,True,0.334,113.31
383,23.1058659458597,72.6026275165329,1,True,0.543,78.48
384,21.1407432670983,72.88089387731551,1,True,0.292,94.77
385,21.4033969628255,72.90353259391783,1,True,0.306,92.61
386,23.01142003762505,72.64609382076266,1,False,0.0,0.0
387,23.05429505755118,72.64434938888553,1,False,0.0,0.0
388,22.25960398682985,70.80898649437334,1,True,0.284,49.95
389,22.29983216483173,70.77505016931153,1,False,0.0,0.0
390,22.26925738575991,70.76972612037655,1,True,0.389,90.09
391,23.06887826636385,72.53687119741444,1,True,0.301,89.01
392,22.29915261392419,70.7743179262505,1,False,0.0,0.0
393,21.13093199453031,72.8906180737495,1,True,0.394,113.85
394,23.04252236364128,72.64985405158995,1,True,0.307,91.44
395,21.23761041127005,72.89911865145113,1,True,0.345,67.86
396,21.21204021724913,72.78355023313523,1,False,0.0,0.0
397,21.22710435084202,72.81650151653291,1,True,0.328,47.61
398,21.19663876927188,72.80651836805345,1,True,0.527,90.45
399,23.05789936832219,72.65222069940567,1,True,0.3,48.6
400,23.03926084525208,72.66133481216434,1,False,0.0,0.0
401,21.22066383949401,72.9014644295692,1,True,0.368,48.87
402,23.10635522863524,72.60283672883605,1,True,0.464,65.79
403,22.24961024555303,70.81263749437335,1,True,0.735,90.0
404,21.11016948915333,72.86374507109454,1,True,0.328,61.92
405,21.22798281284559,72.81689580125807,1,False,0.0,0.0
406,23.05389006144525,72.64504944543837,1,False,0.0,0.0
407,21.22928054556722,72.86085510416035,1,False,0.0,0.0
408,22.31448939700244,70.81871644411089,1,True,0.316,53.28
409,21.22049015369629,72.88459620866773,1,True,0.362,338.04
410,23.00857017431263,72.66188664550778,1,False,0.0,0.0
411,23.04143787831306,72.57920157308575,1,True,0.396,65.07
412,21.22697094543746,72.8170996491432,1,True,0.288,50.04
413,23.03445792004736,72.43087786011887,1,True,0.337,56.25
414,21.28660876644511,72.97700298776626,1,True,0.342,58.86
415,21.2217059542803,72.88487784061428,1,True,0.327,123.03
416,22.98107998134536,72.60941789814758,1,True,0.293,99.18
417,21.14940515767138,72.87875253505705,1,True,0.501,67.5
418,21.22758029787838,72.88668460845952,1,True,0.388,56.7
419,21.21749096523003,72.89263975099561,1,True,0.328,50.31
420,21.21952203815088,72.88873935218429,1,True,0.43,141.21
421,22.98628983026338,72.61943481216433,1,True,0.311,58.05
422,21.11570696285914,72.8328087030411,1,True,0.743,87.66
423,23.03879119797785,72.66131603670124,1,True,0.33,92.88
424,23.00207208226982,72.6042639656067,1,True,0.515,235.8
425,22.31614051841538,70.79269002943039,1,True,0.537,97.65
426,23.011504542236,72.64596239252094,1,False,0.0,0.0
427,22.27983248307326,70.77371107969286,1,True,0.454,70.74
428,23.01249195994582,72.59280227479937,1,True,0.304,55.44
429,22.33501989018848,70.7693348687172,1,True,0.448,131.67
430,23.06850621949401,72.50876933002473,1,True,0.35,68.31
431,23.07275968550998,72.65253684921261,1,True,0.748,96.21
432,22.98116450474379,72.61006967493817,1,True,0.337,104.4
433,23.07689932887221,72.59444099140167,1,True,0.447,106.29
434,21.75045145034275,70.61068664550778,1,True,0.376,76.59
435,22.29901020803548,70.774406439148,1,False,0.0,0.0
436,21.75304076511834,70.62283122586439,1,True,0.306,82.53
437,22.28846258026288,70.79408734722138,1,True,0.662,179.91
438,21.1964211466834,72.78913795833586,1,True,0.316,66.15
439,22.47339099071538,70.06207970800398,1,False,0.0,0.0
440,22.29838030880521,70.7601991656761,1,True,0.343,61.11
441,21.22101392124408,72.83047293386836,1,True,0.282,67.05
442,22.33381203688757,70.76946711177821,1,True,0.3,60.3
443,21.23754714498242,72.88580874834065,1,True,0.451,45.36
444,21.22942333531618,72.8652443753243,1,True,0.536,111.33
445,22.25966221672151,70.80843212995532,1,True,0.303,40.68
446,22.27629780130859,70.80438588724132,1,False,0.0,0.0
447,23.02980377712855,72.65157591667172,1,True,0.322,58.32
448,22.27001896172251,70.76889656812286,1,True,0.29,48.33
449,22.32042538704431,70.77275014715198,1,False,0.0,0.0
450,23.25532118686185,72.64014297189708,1,True,0.48,85.32
451,22.24941487515415,70.78217247619625,1,True,0.457,94.68
452,22.26328484596975,70.78903329563144,1,True,0.61,62.19
453,22.27481004372247,70.77531883201596,1,True,0.356,58.41
454,21.31614657837981,72.88248460845952,1,True,0.465,136.35
455,22.31300787521436,70.76491527843478,1,True,0.278,41.49
456,21.21120949308537,72.78363338161469,1,True,0.267,48.42
457,21.74458819111968,70.61477750793459,1,True,0.539,99.99
458,22.29089536570193,70.7583908442497,1,True,0.423,58.32
459,22.99410155198938,72.60971335449221,1,False,0.0,0.0
460,22.3336172130962,70.76921574239728,1,True,0.359,60.57
461,22.32063022000414,70.77347434358596,1,True,0.473,53.73
462,23.05896524427078,72.6526257129669,1,False,0.0,0.0
463,21.12753910364275,73.11039355819705,1,True,0.395,108.81
464,21.21505626568992,72.89151207969286,1,True,0.408,59.13
465,21.21965211688861,72.82934372387315,1,False,0.0,0.0
466,21.22158764656302,72.88489125165935,1,False,0.0,0.0
467,21.22144164980552,72.88480005655285,1,True,0.397,134.37
468,23.04202539383509,72.64919959259035,1,True,0.283,79.65
469,22.96975966855909,72.60828571527483,1,True,0.396,282.33
470,21.95135099776454,70.79065825033186,1,False,0.0,0.0
471,23.06980680829376,72.54444443187715,1,True,0.404,55.17
472,21.14706621775678,72.86925172023773,1,True,0.294,61.83
473,21.21104514192686,72.78298845634464,1,False,0.0,0.0
474,21.19871007027645,72.79747935714718,1,True,0.38,47.61
475,21.23901473717174,72.90785096197128,1,True,0.561,145.35
476,22.26991900675485,70.76853715211489,1,False,0.0,0.0
477,22.99907208387194,72.62358501586917,1,False,0.0,0.0
478,21.19071015198112,72.79218618154528,1,True,0.287,67.5
479,22.29895024766128,70.77535594113921,1,False,0.0,0.0
480,21.29679311682371,72.75864291534424,1,False,0.0,0.0
481,22.33357475150065,70.7695832050323,1,True,0.502,129.42
482,21.13664029801509,72.80023830919265,1,True,0.29,45.36
483,21.1366528911448,72.80028658895492,1,True,0.259,256.05
484,22.09745801417518,70.77814028968807,1,False,0.0,0.0
485,22.26266743346535,70.7772072883606,1,False,0.0,0.0
486,21.2058069039876,72.78613655456162,1,True,0.329,54.72
487,21.23399196877212,72.90483288822179,1,True,0.286,44.37
488,23.00819412696848,72.6479019804954,1,False,0.0,0.0
489,22.96832845136981,72.61759731779098,1,True,0.253,44.82
490,22.27526732146658,70.77409574470524,1,True,0.513,233.82
491,21.23813644365898,72.89945929199601,1,True,0.485,62.28
492,22.27799230174835,70.80422565641405,1,True,0.482,225.27
493,21.21801562386258,72.88185318154527,1,True,0.337,51.93
494,22.29121285638411,70.79236624040607,1,True,0.606,153.0
495,21.22076452691297,72.9007536441803,1,True,0.285,57.51
496,21.22652172500592,72.93063183565137,1,False,0.0,0.0
497,21.22929282461834,72.89061411045074,1,True,0.414,203.67
498,22.26311491398311,70.78948390674591,1,True,0.356,75.33
499,21.14787998035507,72.86929002943039,1,False,0.0,0.0
500,21.13664281664103,72.80038314847945,1,True,0.394,59.67
501,23.03968636782763,72.66066402215955,1,True,0.387,63.9
502,23.0744720786304,72.55596588954926,1,True,0.354,236.7
503,22.31197002253362,70.81676670436856,1,False,0.0,0.0
504,21.20985946000946,72.78403183565138,1,False,0.0,0.0
505,22.26191273336779,70.77789125165936,1,False,0.0,0.0
506,21.74353727276937,70.6145253802872,1,True,0.444,53.55
507,23.06609815034354,72.51231720237735,1,False,0.0,0.0
508,21.19119354913304,72.79270921230315,1,True,0.494,116.28
509,21.22973844378964,72.86723576819226,1,True,0.284,63.81
510,23.06910870471265,72.54510425529477,1,True,0.308,48.6
511,22.27017888967078,70.76899849206542,1,True,0.325,81.63
512,23.04859001969687,72.5318720687866,1,True,0.581,159.3
513,23.04788518547678,72.66063866004947,1,True,0.425,55.35
514,21.12756681033692,73.11121967857359,1,True,0.358,65.43
515,22.97773981673759,72.6159923277168,1,True,0.466,100.17
516,21.21463637584855,72.8306544589996,1,False,0.0,0.0
517,22.96946132576365,72.60837154596331,1,True,0.584,209.61
518,23.0423558787562,72.64969043684005,1,True,0.445,91.44
519,21.21523446497065,72.77651070933148,1,False,0.0,0.0
520,22.24893501955417,70.78182647123334,1,True,0.368,48.78
521,21.22226247365349,72.85395323677065,1,True,0.396,62.19
522,21.10980548882587,72.86061650793458,1,True,0.338,92.7
523,21.23233184031847,72.82194489583965,1,False,0.0,0.0
524,22.98083929286,72.60385819377902,1,True,0.522,94.86
525,22.25995997728077,70.78560460615158,1,True,0.285,121.68
526,22.98144089785307,72.60515638294216,1,True,0.652,69.93
527,23.03989120294878,72.44867352876666,1,True,0.584,118.26
528,21.93036125458857,70.60394297189708,1,False,0.0,0.0
529,21.20946631618417,72.77727131052015,1,True,0.281,56.61
530,21.25878027197894,72.85109959259034,1,False,0.0,0.0
531,21.24239970463573,72.88700839517591,1,True,0.417,41.13
532,23.04630872173983,72.67202378902432,1,True,0.664,157.41
533,23.04694594462164,72.66162034854887,1,True,0.425,54.27
534,21.14064504313902,72.88125061111447,1,True,0.332,57.51
535,21.23031143082378,72.90280040740966,1,False,0.0,0.0
536,22.27662116214984,70.76171158710251,1,True,0.365,146.7
537,21.19806557258343,72.79675784292222,1,True,0.406,65.61
538,23.03028588399365,72.65499393386837,1,True,0.267,164.97
539,21.22144279209506,72.89325895204547,1,True,0.392,51.57
540,21.22073683787276,72.88412145767212,1,True,0.396,333.54
541,21.21630861633746,72.8930522146111,1,True,0.487,47.97
542,23.03945030191263,72.66065329332349,1,False,0.0,0.0
543,22.25547476898943,70.81064676322936,1,True,0.486,78.03
544,21.23416137160769,72.82867515840526,1,True,0.397,167.85
545,22.98109783384876,72.60457970800398,1,True,0.483,85.23
546,22.22439752566911,70.73294559755325,1,True,0.407,101.43
547,21.96833959469404,70.79402830786519,1,False,0.0,0.0
548,21.19716787053393,72.78041183795932,1,True,0.299,68.31
549,22.30743754493233,70.75340344047547,1,True,0.336,125.64
550,21.22612933980948,72.92942178636936,1,False,0.0,0.0
551,23.0690819838774,72.53846711177822,1,False,0.0,0.0
552,22.30694789720178,70.75399620866773,1,True,0.478,122.49
553,22.27558216843794,70.7750720687866,1,True,0.514,43.11
554,21.22241602009423,72.85379230422976,1,False,0.0,0.0
555,21.21855628019987,72.87993370304109,1,True,0.362,70.83
556,21.12715120992445,73.11032918518069,1,True,0.371,44.91
557,21.24406218090554,72.84614923180774,1,True,0.465,146.7
558,21.19660241509501,72.78893947486876,1,True,0.327,68.76
559,23.0657942676512,72.56234560615158,1,True,0.333,63.99
560,23.10929358665827,72.57422034854886,1,False,0.0,0.0
561,23.10594790693378,72.60244244411088,1,True,0.524,88.29
562,22.3349374656839,70.76940460615158,1,True,0.348,49.86
563,22.23274238419093,73.18463370304109,1,False,0.0,0.0
564,21.19641007043323,72.78054594841005,1,True,0.298,40.23
565,23.0740199446208,72.55631189451216,1,True,0.487,66.15
566,23.01045510774784,72.64969807605743,1,False,0.0,0.0
567,23.04662119611551,72.67083020601277,1,True,0.559,157.68
568,21.21844803968411,72.8794079900742,1,True,0.252,39.15
569,21.4000481694726,72.91810903802872,1,False,0.0,0.0
570,22.27290959816096,70.80528873016354,1,True,0.409,58.68
571,22.43420032588358,70.60498658895493,1,True,0.506,106.11
572,22.29216228010342,70.79083684921261,1,True,0.396,85.05
573,21.4033969628255,72.90341189451216,1,True,0.36,51.84
574,21.22369357313118,72.88845686144636,1,True,0.336,99.45
575,21.21816162313806,72.88195242327882,1,True,0.476,69.75
576,23.04671681017215,72.67001387962345,1,True,0.326,81.36
577,21.2215882748726,72.80878163194654,1,True,0.261,69.57
578,21.12687414298281,73.11108825033186,1,False,0.0,0.0
579,21.12737538226814,73.11087367361068,1,True,0.358,85.23
580,21.40330897008452,72.90339580125807,1,True,0.285,45.09
581,21.21410780477031,72.87574058399201,1,False,0.0,0.0
582,21.20109232353873,72.8636264146805,1,True,0.268,80.01
583,21.15787435622831,72.8686932589302,1,True,0.443,55.62
584,23.0735249102449,72.64353446130754,1,True,0.417,71.01
585,22.28918465851791,70.79358040971759,1,True,0.797,185.67
586,21.22172975085016,72.893537901783,1,True,0.35,75.15
587,22.29483279529223,70.75687206878659,1,True,0.365,110.79
588,22.98065736435318,72.60908798643877,1,True,0.432,69.48
589,21.22922486452086,72.8905336441803,1,True,0.429,63.09
590,21.1955713011818,72.80631720237734,1,True,0.266,74.97
591,21.130544111481,72.88974367361068,1,True,0.436,115.29
592,23.03982162614293,72.44884250793459,1,True,0.623,110.88
593,22.26257497020837,70.77645626983646,1,False,0.0,0.0
594,22.27629780130859,70.80425982341764,1,False,0.0,0.0
595,21.23417647333831,72.82773370304109,1,True,0.407,49.68
596,21.75987241327018,70.61986285648345,1,True,0.487,82.08
597,21.19118347835904,72.79221300363542,1,True,0.28,56.79
598,22.96976712712897,72.60837691038134,1,True,0.507,72.72
599,22.28108261561082,70.78943679265976,1,True,0.495,123.3
600,23.05559876888019,72.67182565641404,1,True,0.308,111.51
601,21.13678637831978,72.79983061342242,1,False,0.0,0.0
602,22.98662293780706,72.62041650066374,1,False,0.0,0.0
603,23.06036707523505,72.63367819147109,1,False,0.0,0.0
604,23.0624534175189,72.5241356835365,1,True,0.522,64.35
605,21.19856405126788,72.7965566772461,1,True,0.481,70.74
606,21.23235449320628,72.82072985515596,1,False,0.0,0.0
607,21.11567673496846,72.83291867361069,1,True,0.655,64.71
608,23.02053361941024,72.60799235218428,1,False,0.0,0.0
609,23.06881803525005,72.54526250562665,1,True,0.435,31.23
610,23.04284854704147,72.64690349702832,1,True,0.333,52.65
611,23.02905079578769,72.65372793121341,1,True,0.266,175.05
612,23.03978576400236,72.65937387962346,1,False,0.0,0.0
613,22.2738516522973,70.80434727479935,1,True,0.258,46.08
614,21.19308158286934,72.87084963690945,1,True,0.281,58.32
615,21.22199543060983,72.88326046857838,1,True,0.662,72.36
616,22.22420754975371,70.73252449073793,1,True,0.427,70.02
617,22.26945479813888,70.76860495700838,1,False,0.0,0.0
618,23.10498627737384,72.67164489583965,1,True,0.416,59.04
619,21.1188876702131,72.84272682209014,1,False,0.0,0.0
620,22.30725267793202,70.75406594610212,1,True,0.45,194.67
621,23.06840806269112,72.6568302625656,1,True,0.466,70.29
622,21.22064484538132,72.89371492757799,1,True,0.475,79.02
623,22.27440274168809,70.7737980195046,1,True,0.387,77.94
624,21.744505421894,70.61469435945513,1,True,0.622,68.13
625,23.05324623860374,72.56081664491334,1,True,0.339,47.97
626,23.07364160377829,72.65204868717193,1,True,0.745,97.38
627,21.16411728858995,72.8139923607826,1,True,0.292,82.17
628,21.14827186855667,72.87817317790986,1,False,0.0,0.0
629,23.02707563887686,72.65251230192182,1,False,0.0,0.0
630,23.11827268206563,72.57682256679537,1,True,0.404,47.34
631,23.00187323462893,72.6051893277168,1,False,0.0,0.0
632,22.25288247294336,70.81124676322936,1,True,0.78,90.81
633,22.27360926701554,70.80454039384841,1,False,0.0,0.0
634,21.25316059498332,72.84432473379897,1,False,0.0,0.0
635,22.27041878159317,70.76942228108976,1,True,0.292,220.68
636,22.28049713672605,70.77374058399202,1,True,0.363,68.13
637,23.01917069049341,72.52058953505704,1,True,0.696,196.02
638,21.7599702207668,70.61951416931153,1,True,0.458,95.13
639,21.21194890317548,72.8850083722832,1,True,0.266,53.1
640,21.23408837990966,72.82868856945034,1,True,0.272,162.0
641,22.33382774780194,70.82260384788512,1,True,0.569,107.73
642,21.78349862703686,70.81145149702832,1,True,0.311,64.71
643,22.23714244798667,70.79070542097088,1,True,0.332,70.38
644,21.20483516583779,72.7857154477463,1,False,0.0,0.0
645,22.27422484443562,70.7620252490044,1,True,0.561,79.83
646,21.22646131447904,72.92994787235261,1,False,0.0,0.0
647,23.02019136531995,72.66949842691425,1,True,0.272,48.24
648,22.30734511143217,70.75387282705306,1,True,0.524,193.23
649,21.19664169039756,72.78080612268448,1,True,0.35,39.69
650,22.30819200214981,70.75359119510651,1,True,0.494,125.28
651,23.03065109084435,72.46779545040128,1,True,0.64,76.77
652,23.07526763582749,72.64813107738492,1,True,0.326,84.78
653,21.21548775100264,72.79269246130754,1,False,0.0,0.0
654,21.19611399743038,72.78809994344715,1,True,0.371,72.54
655,21.83438126519201,70.82294215707778,1,True,0.603,96.12
656,22.26228274704852,70.78922105026247,1,False,0.0,0.0
657,22.96867154863018,72.61735323677064,1,False,0.0,0.0
658,23.02106200761937,72.58613527612685,1,True,0.447,215.73
659,22.28058209245611,70.77441113624572,1,True,0.586,120.96
660,21.23281925701081,72.90568588724132,1,False,0.0,0.0
661,23.03209443162192,72.64781685152055,1,False,0.0,0.0
662,23.06276397820382,72.52295014715197,1,True,0.552,106.65
663,21.22693067210779,72.81681265277862,1,True,0.303,81.81
664,22.26971409907114,70.76938204795454,1,False,0.0,0.0
665,21.25892371427684,72.85132489814758,1,True,0.254,104.58
666,21.7437479580711,70.61467558399202,1,True,0.59,64.71
667,22.39564440030151,72.1795107853889,1,True,0.298,83.43
668,21.17998296133033,72.80843179629518,1,True,0.401,104.58
669,22.29229202096069,70.75805556812286,1,True,0.376,40.14
670,21.2208930659891,72.8544187754631,1,False,0.0,0.0
671,21.22753775616978,72.82999428472517,1,False,0.0,0.0
672,21.20490817207184,72.78618483432389,1,False,0.0,0.0
673,21.20644409908299,72.87045175463103,1,True,0.356,86.76
674,23.06986891715329,72.54406355819705,1,True,0.288,49.86
675,22.24937238793957,70.78218856945034,1,False,0.0,0.0
676,23.11819817860827,72.5779544589996,1,True,0.254,42.66
677,21.22747529760024,72.90080460615158,1,True,0.27,51.75
678,23.00675219568787,72.66251189451216,1,True,0.467,61.02
679,23.08947403953499,72.65361614980694,1,True,0.557,118.44
680,22.33324754744079,70.76951539154048,1,True,0.366,129.06
681,23.05908012365834,72.65134408102034,1,True,0.283,78.66
682,23.04022921445167,72.51541265277862,1,True,0.558,128.25
683,21.21794406953994,72.89205234722138,1,True,0.365,79.92
684,23.03973109610626,72.66104221363064,1,True,0.375,67.32
685,23.05749438515291,72.65236017427443,1,True,0.359,107.64
686,21.21016413873172,72.88517007242201,1,True,0.293,33.48
687,21.19096947441157,72.79171947717671,1,True,0.381,52.29
688,21.13675055356956,73.12263288822179,1,False,0.0,0.0
689,21.21144547582298,72.88511642824173,1,False,0.0,0.0
690,21.20580438653126,72.78624384292222,1,True,0.372,71.01
691,23.06888820380354,72.53853416700359,1,False,0.0,0.0
692,21.12487657767172,73.11068501586917,1,False,0.0,0.0
693,21.74462330533663,70.61564117923734,1,True,0.653,62.28
694,21.22060846141358,72.88451574239728,1,True,0.59,343.08
695,21.21986104435904,72.82979701719665,1,False,0.0,0.0
696,22.27991111510149,70.82683103306582,1,True,0.308,56.43
697,23.04860492807153,72.53194717063901,1,True,0.657,162.9
698,23.00836139450107,72.6612375509262,1,False,0.0,0.0
699,21.12510830939012,73.11162915344235,1,True,0.385,137.43
700,21.2634320554941,72.78187586011886,1,True,0.31,82.8
701,23.04661990389545,72.67082927116394,1,True,0.59,158.31
702,21.1623838279164,72.85798040971758,1,True,0.298,81.72
703,23.04634960122155,72.66127970800399,1,True,0.515,117.0
704,23.05375340631749,72.6439443753243,1,False,0.0,0.0
705,23.03880671168122,72.66029924173355,1,True,0.311,79.47
706,23.03938186583588,72.66525242195134,1,True,0.278,63.81
707,21.2272382238895,72.83004524669644,1,False,0.0,0.0
708,21.40232345138547,72.90356746263502,1,True,0.276,55.35
709,21.22116979377431,72.88486979398724,1,True,0.368,48.87
710,22.94744166622016,72.66580114120862,1,True,0.478,55.08
711,22.28829494481734,70.79226518783567,1,True,0.264,86.67
712,22.27819469946565,70.80430075826645,1,True,0.297,76.68
713,21.19132698688851,72.79248927116394,1,False,0.0,0.0
714,21.19875538652049,72.79745521726605,1,True,0.401,55.53
715,21.15904030806221,72.86853769080734,1,True,0.311,90.18
716,21.23230574779766,72.89145615344235,1,True,0.344,53.37
717,22.9490936151052,72.60038729066854,1,False,0.0,0.0
718,22.30370946671261,70.77038556812285,1,True,0.354,64.35
719,21.95099284921759,70.79112763690945,1,True,0.342,151.11
720,21.2021920316907,72.87475247850419,1,False,0.0,0.0
721,21.21791134533978,72.8915105410004,1,True,0.496,90.18
722,21.15838115796452,72.7780343277168,1,True,0.34,45.9
723,22.24952234281456,70.78077236309055,1,False,0.0,0.0
724,22.98116201876148,72.6099489755325,1,True,0.419,37.89
725,21.93077205555906,70.60345749206542,1,True,0.411,39.87
726,22.27396280833421,70.7841368492126,1,True,0.526,61.83
727,21.75999936965703,70.61942530555724,1,True,0.523,87.75
728,21.19546193467193,72.78954028968806,1,True,0.253,72.72
729,21.19656716845942,72.78831452016833,1,True,0.414,68.4
730,21.22671923712699,72.81699772520064,1,True,0.369,47.88
731,23.04646526304471,72.67088116798405,1,True,0.45,158.67
732,22.2515900673723,70.68589306249622,1,True,0.334,202.77
733,21.22739129831596,72.81752880258556,1,False,0.0,0.0
734,21.22658331463933,72.8163191263199,1,False,0.0,0.0
735,22.26954167675192,70.76842986375429,1,True,0.429,89.73
736,21.2275457756405,72.90127399272916,1,True,0.279,53.46
737,21.19635720065877,72.78123259391784,1,False,0.0,0.0
738,21.20596046882475,72.7857878673897,1,False,0.0,0.0
739,22.95388424597021,72.61874730192181,1,False,0.0,0.0
740,22.96935441959528,72.60838227479937,1,True,0.478,82.08
741,21.21016519006075,72.87625708465576,1,True,0.307,97.2
742,22.03335945960434,71.20405358762744,1,True,0.516,450.99
743,23.06834098452451,72.65769393386836,1,True,0.451,97.02
744,22.29423954211157,70.79285090541842,1,True,0.265,47.52
745,23.04144533291549,72.57881801719665,1,True,0.423,66.33
746,23.02819642971352,72.65237014484404,1,False,0.0,0.0
747,23.00638931138171,72.66221953372956,1,False,0.0,0.0
748,22.26962472271824,70.76938547983167,1,True,0.256,76.14
749,21.17006008301029,72.895462098217,1,True,0.514,74.97
750,21.17161330123347,72.87040460615158,1,False,0.0,0.0
751,22.28721981709577,70.76211947717671,1,True,0.363,112.05
752,23.00090345486738,72.31665626983646,1,True,0.303,50.58
753,21.21713351627444,72.89131473974233,1,True,0.528,59.13
754,22.98822695308304,72.60262785019307,1,True,0.43,52.83
755,23.02020379163943,72.67022798776625,1,True,0.396,58.05
756,21.21413222565566,72.82832105026246,1,True,0.308,36.36
757,23.07238135396008,72.6616832050323,1,False,0.0,0.0
758,21.15785484026027,72.77808797189708,1,True,0.406,49.95
759,22.29991222705622,70.82325551157001,1,False,0.0,0.0
760,22.28487029725155,70.75581411275869,1,True,0.537,79.11
761,21.23012596507267,72.89042099140167,1,True,0.291,89.55
762,21.19119354913304,72.79205475330356,1,True,0.428,117.72
763,21.21213587639525,72.78381040740966,1,False,0.0,0.0
764,22.33481757549542,70.76873405389789,1,True,0.271,44.01
765,22.21427000160002,70.69178623809813,1,True,0.389,73.71
766,23.1111117612638,72.59986204166414,1,True,0.729,103.86
767,22.99418358180611,72.6109820393562,1,False,0.0,0.0
768,21.19714772966746,72.78064250793459,1,False,0.0,0.0
769,22.4342053177365,70.604270439148,1,True,0.506,41.4
770,21.23238721404424,72.82046163425449,1,False,0.0,0.0
771,21.22830162295128,72.80852413988113,1,False,0.0,0.0
772,21.12669782765631,73.11174002712245,1,False,0.0,0.0
773,23.11095777907812,72.59972793121341,1,True,0.613,108.09
774,23.10870496725237,72.5743920099258,1,True,0.296,39.6
775,22.29122992179126,70.79382186508177,1,True,0.384,93.06
776,22.29031047526852,70.79498769807819,1,True,0.704,126.99
777,21.23789042187122,72.85051002712245,1,True,0.45,106.74
778,22.28187740514345,70.80955638294216,1,True,0.342,56.79
779,21.19666283789888,72.788982390213,1,True,0.338,73.26
780,23.05410374037231,72.64463102083208,1,True,0.276,73.17
781,23.0398454017072,72.66044139881133,1,False,0.0,0.0
782,21.74404392075687,70.61445832506183,1,True,0.511,67.32
783,22.22474998098584,70.73267201223375,1,True,0.284,104.04
784,21.19330313824814,72.8698947705002,1,True,0.368,185.31
785,22.27765497221951,70.80475673379897,1,True,0.336,112.32
786,23.06197639630686,72.52330956315996,1,True,0.481,38.16
787,23.07287076122222,72.66102338161468,1,True,0.429,50.49
788,22.29014277359893,70.77757312135701,1,True,0.728,244.26
789,21.22603548780793,72.88552647123333,1,False,0.0,0.0
790,21.15340755502099,72.80092530555724,1,True,0.431,76.23
791,21.20228588064194,72.87456204166413,1,False,0.0,0.0
792,22.98071454194624,72.60906116434863,1,True,0.326,64.8
793,22.30646023556615,70.81982148843,1,True,0.278,256.23
794,23.03974849043684,72.6602,1,False,0.0,0.0
795,21.2106222985561,72.88549193750379,1,True,0.385,59.49
796,21.20485027057586,72.78601853736497,1,False,0.0,0.0
797,23.06945960658544,72.5372627999306,1,False,0.0,0.0
798,23.06836212629725,72.50959008598325,1,True,0.326,37.62
799,23.04224297537578,72.57889848346709,1,True,0.439,104.76
800,21.21196148994993,72.88527122876665,1,True,0.428,66.24
801,21.21107607374998,72.78372189451217,1,False,0.0,0.0
802,23.07199628733251,72.66130769577025,1,True,0.418,36.45
803,23.07945270676902,72.57449994344715,1,False,0.0,0.0
804,21.23840289288614,72.88589726123814,1,True,0.448,64.08
805,22.99827418997906,72.62349650297168,1,False,0.0,0.0
806,21.21078697994793,72.87649580125807,1,False,0.0,0.0
807,21.23359788504864,72.82170617923734,1,False,0.0,0.0
808,21.24495352374239,72.88832600727085,1,True,0.372,60.93
809,21.22752470372052,72.81676973743438,1,False,0.0,0.0
810,21.110374800625,72.86002642195133,1,False,0.0,0.0
811,21.22836203229052,72.80854291534423,1,True,0.263,34.02
812,21.20640885487385,72.87068778902433,1,False,0.0,0.0
813,23.05572796865232,72.67253912401196,1,True,0.375,111.87
814,22.27317947043344,70.80385374834064,1,True,0.307,79.2
815,22.28708489425849,70.76275784292223,1,True,0.296,69.66
816,23.06795717472705,72.50940501356123,1,True,0.475,68.13
817,22.33380953914665,70.76946518783566,1,True,0.287,55.08
818,22.26945234336127,70.78973102083208,1,True,0.545,95.85
819,21.21890420565986,72.88153936309054,1,True,0.466,50.76
820,21.21664089422953,72.89332043551258,1,True,0.38,44.91
821,23.06797578117294,72.65672029199601,1,True,0.475,66.51
822,21.22350754491528,72.88837907738493,1,True,0.392,67.14
823,23.0750906575776,72.55620460615158,1,True,0.406,62.46
824,21.14182537345413,72.94368092030714,1,False,0.0,0.0
825,21.15704565432649,72.86120612268448,1,True,0.394,69.75
826,21.32920380385636,72.7542724196434,1,True,0.384,67.77
827,21.27344828297066,72.91277667493817,1,True,0.615,132.39
828,22.31659516102296,70.7928348687172,1,True,0.445,194.31
829,23.07388950264264,72.54935136938094,1,True,0.384,47.52
830,21.2172544476037,72.90258431415556,1,True,0.471,70.56
831,21.21447916969367,72.8788,1,True,0.371,120.24
832,22.25854513188704,70.80948355588912,1,False,0.0,0.0
833,22.33359723116888,70.76912991170882,1,True,0.434,73.89
834,23.06040099874458,72.67427562698364,1,False,0.0,0.0
835,21.14860681845057,72.87751067228321,1,True,0.377,61.83
836,22.97711581673381,72.61615326025768,1,True,0.561,77.76
837,22.31498697228695,70.77330454959872,1,False,0.0,0.0
838,22.28112009567792,70.7900832050323,1,True,0.64,144.72
839,22.25517237251639,70.80997352876666,1,True,0.581,83.25
840,22.26954975599206,70.76842793121341,1,True,0.311,82.98
841,22.2959946866296,70.78909848346709,1,True,0.457,80.1
842,21.24123388851244,72.88904408102034,1,True,0.264,80.55
843,23.0047393654336,72.52575329332349,1,True,0.5,73.98
844,21.15806889291511,72.77810674736018,1,False,0.0,0.0
845,22.24960731724373,70.78155825033187,1,True,0.287,47.07
846,21.15265708960287,72.80117743320463,1,True,0.425,105.75
847,21.22108924383914,72.88444868717193,1,True,0.341,66.33
848,22.96708811938273,72.60343836574552,1,True,0.49,78.84
849,23.03041620160078,72.57796133995053,1,False,0.0,0.0
850,21.20597053865013,72.78720407374949,1,True,0.314,56.34
851,21.15699780712059,72.86114711408617,1,True,0.324,79.56
852,21.2270439408475,72.81704868717192,1,False,0.0,0.0
853,22.29580730533051,70.78839306249621,1,True,0.437,117.9
854,21.26231138491717,72.95802641468049,1,True,0.42,98.28
855,21.19653595084863,72.78098583068848,1,True,0.377,65.61
856,23.0684167823374,72.50862985515596,1,True,0.453,68.13
857,21.20243874811905,72.87442524900439,1,False,0.0,0.0
858,23.02128567904773,72.5861245472908,1,True,0.454,255.15
859,23.04687402784807,72.6462411901436,1,False,0.0,0.0
860,22.30732012940511,70.75330419874193,1,True,0.33,114.66
861,23.03761467296097,72.52510948954925,1,True,0.351,67.95
862,21.21412033044782,72.87375323677064,1,False,0.0,0.0
863,21.19649818672401,72.78046011772159,1,False,0.0,0.0
864,21.25337450829321,72.84392240244675,1,False,0.0,0.0
865,21.74465340323688,70.61520666137694,1,True,0.59,64.8
866,22.33377207303293,70.76947247619624,1,True,0.519,64.89
867,22.98268059317499,72.37951492757799,1,True,0.508,122.76
868,22.33416817030781,70.76859994344716,1,False,0.0,0.0
869,22.29070024064229,70.7925639656067,1,True,0.488,76.14
870,21.22166379025872,72.80860192394256,1,True,0.308,119.25
871,21.14807886260151,72.79749676322936,1,True,0.375,110.25
872,22.26958973824602,70.76958664550779,1,True,0.272,66.87
873,21.22626749737192,72.93026437301636,1,False,0.0,0.0
874,21.20334811456037,72.86524717063901,1,True,0.274,66.78
875,23.00808873424474,72.55404554100039,1,True,0.556,90.54
876,23.10609692706846,72.60249877050019,1,True,0.53,62.64
877,21.19586878464702,72.781082390213,1,True,0.309,42.57
878,22.33455531570812,70.76946629695891,1,True,0.308,40.68
879,22.82727872115915,72.27881617923734,1,True,0.417,125.28
880,22.29235216484728,70.79027358531951,1,True,0.422,84.87
881,23.04171545335982,72.6464475214958,1,True,0.256,73.26
882,21.21684730928369,72.89385419510651,1,True,0.317,72.81
883,22.31421960309021,70.81867352876667,1,True,0.329,89.46
884,23.11104222092188,72.5998915459633,1,True,0.558,64.35
885,22.98092878781765,72.60508396329877,1,True,0.518,73.89
886,23.06900436182864,72.54507743320463,1,True,0.266,32.76
887,23.00274319305785,72.6051920099258,1,True,0.39,54.9
888,23.03985399556316,72.51528927116394,1,True,0.417,66.96
889,21.20597809101918,72.7859675753937,1,True,0.406,72.0
890,22.2113899809022,70.75829661607737,1,True,0.426,90.99
891,22.97738431075934,72.61607547619624,1,True,0.702,92.52
892,21.19563061499941,72.78864979629518,1,True,0.295,75.96
893,23.06877949969476,72.5088927116394,1,True,0.531,86.4
894,23.07440808244137,72.64695895204547,1,True,0.265,206.55
895,21.2531832446279,72.84444811541364,1,False,0.0,0.0
896,21.21766038321655,72.89331507109455,1,True,0.523,60.75
897,22.29884490488588,70.7956636147499,1,False,0.0,0.0
898,22.30660292827042,70.78361725893019,1,True,0.476,92.43
899,21.21862289575694,72.88327236309054,1,True,0.329,53.37
900,21.74235518022202,70.27131953372955,1,True,0.47,51.75
901,21.15373997594445,72.80147784061428,1,True,0.413,159.57
902,22.27719506792798,70.76417043320463,1,True,0.372,46.17
903,22.27950515364275,70.77359842691425,1,True,0.649,279.45
904,21.2338159806952,72.9045191263199,1,True,0.465,51.21
905,21.21666317782,72.87566204166414,1,True,0.413,60.21
906,22.28961969460138,70.77621988458637,1,True,0.388,44.37
907,21.19642869953388,72.78907626752851,1,True,0.43,77.22
908,21.11480516412054,72.83348193750379,1,True,0.723,157.41
909,22.24932740147707,70.7821992982864,1,True,0.265,74.97
910,22.27451018946403,70.77423790178301,1,True,0.542,72.54
911,22.97679262948085,72.61505355456163,1,True,0.602,85.32
912,23.00857937457371,72.64777055225369,1,False,0.0,0.0
913,22.27030133450616,70.76825283795932,1,False,0.0,0.0
914,21.15809659384691,72.77782243320462,1,False,0.0,0.0
915,23.08680056843259,72.61899162698364,1,True,0.556,110.7
916,23.06198384976329,72.52404448843,1,True,0.714,83.79
917,21.22936340356857,72.86730818783566,1,False,0.0,0.0
918,21.22180526631202,72.89387586011887,1,True,0.381,82.26
919,21.24023438225553,72.87596851520543,1,False,0.0,0.0
920,22.98164181334672,72.60881708332828,1,True,0.398,52.38
921,21.21043853115401,72.88555094610211,1,True,0.288,83.34
922,22.28840041111353,70.77595434589391,1,True,0.593,120.51
923,21.11485806292922,72.83328613624572,1,True,0.846,161.91
924,22.29589724835407,70.78816239252095,1,True,0.453,50.4
925,23.04645839343428,72.67008629926686,1,True,0.335,94.05
926,21.19560443577469,72.78022408332828,1,False,0.0,0.0
927,21.2208260824898,72.89381416931153,1,True,0.624,126.99
928,22.28993289918532,70.79489113855365,1,True,0.695,173.07
929,21.21685234379721,72.89438795470045,1,True,0.38,53.73
930,23.04085533868704,72.4499368492126,1,True,0.292,86.58
931,22.24889003309167,70.78176478042602,1,True,0.329,71.64
932,21.21832334459577,72.88474757804866,1,True,0.429,94.41
933,21.22318414935232,72.7887757853889,1,True,0.274,101.7
934,22.31192255821185,70.81607201223375,1,True,0.287,50.67
935,21.21089417361672,72.8851110638237,1,True,0.375,67.5
936,23.12675909817025,72.04673812268447,1,True,0.365,65.79
937,21.21618676000653,72.87242476686478,1,True,0.462,73.8
938,21.21128184731428,72.88421520601277,1,True,0.344,51.75
939,23.1091197328253,72.57405941600798,1,True,0.283,117.63
940,23.03879925696812,72.66024023313523,1,False,0.0,0.0
941,23.06901987487937,72.53788775463103,1,False,0.0,0.0
942,21.21455972323123,72.87918623809813,1,True,0.329,120.6
943,21.19164673396296,72.79167119741444,1,True,0.436,83.34
944,21.21202945853199,72.8863333835365,1,True,0.401,78.21
945,22.98134100948758,72.60929988095094,1,False,0.0,0.0
946,21.23247279162043,72.82170349702832,1,False,0.0,0.0
947,22.29825279354184,70.79550804662705,1,True,0.28,54.99
948,21.13069523474697,72.89012186508177,1,True,0.565,105.39
949,21.75056431292844,70.61079393386837,1,True,0.543,72.45
950,22.98682180798239,72.61926315078739,1,True,0.273,52.74
951,21.21448540177987,72.87585591897965,1,True,0.258,89.1
952,21.21451554570594,72.8297639656067,1,True,0.277,77.13
953,21.21997765301659,72.88813049073794,1,True,0.421,122.31
954,23.00133883159402,72.60374898147587,1,True,0.49,137.34
955,22.29828786958071,70.75956348213961,1,True,0.405,83.34
956,21.22169651359271,72.80810571527482,1,False,0.0,0.0
957,21.69339568376647,72.96912140111927,1,True,0.644,111.24
958,22.29335758817446,70.7929908442497,1,True,0.414,90.18
959,21.23652178598999,72.87720005655284,1,False,0.0,0.0
960,21.19893413392754,72.79717090311048,1,True,0.265,59.76
961,21.23637328795531,72.87732612037654,1,True,0.318,37.8
962,22.29906485873804,70.7605800393562,1,False,0.0,0.0
963,22.29212730133482,70.78939113855365,1,True,0.566,153.0
964,22.26003882314367,70.80982334358595,1,False,0.0,0.0
965,23.04622730923599,72.67019358762744,1,True,0.487,197.19
966,21.19556012172822,72.78899848346708,1,True,0.356,74.07
967,22.26966470497221,70.76863446130754,1,True,0.466,85.23
968,22.96961823370075,72.61732186508178,1,False,0.0,0.0
969,23.04666404565408,72.67075778636936,1,True,0.283,64.08
970,22.28791040277374,70.79440921230315,1,True,0.613,175.59
971,22.96663811067774,72.6034169080734,1,True,0.407,53.28
972,23.11753509783772,72.57675014715197,1,True,0.312,50.49
973,21.24708422988298,72.89114752149581,1,True,0.627,144.0
974,22.28867245767957,70.7947820393562,1,True,0.628,166.68
975,21.21649158287853,72.89472083928679,1,True,0.43,67.23
976,22.27321945151085,70.80516803075787,1,False,0.0,0.0
977,23.06992488949979,72.657037901783,1,True,0.361,84.69
978,21.22160640892911,72.89332868947986,1,True,0.384,59.04
979,21.230283743454,72.90321614980694,1,False,0.0,0.0
980,21.21683644695624,72.89386253240208,1,True,0.335,95.04
981,23.05897825740733,72.65127434358595,1,False,0.0,0.0
982,23.0754285159584,72.55547236309054,1,True,0.435,62.01
983,21.22827645239326,72.80872798776625,1,False,0.0,0.0
984,23.06236646052712,72.52407935714719,1,True,0.582,106.92
985,23.07026772683642,72.6568903802872,1,True,0.46,62.55
986,22.29484778581761,70.75699813261029,1,True,0.3,114.93
987,21.19284743911675,72.87104812037654,1,False,0.0,0.0
988,21.20093371850986,72.86311143054967,1,True,0.257,114.75
989,21.19804794959964,72.79696169080734,1,True,0.457,72.99
990,21.22438008779349,72.82564629926686,1,True,0.291,45.81
991,22.27709025760087,70.80386355819705,1,False,0.0,0.0
992,21.22941364256942,72.89132221363063,1,True,0.45,42.3
993,23.00455046325409,72.52543142824173,1,True,0.468,95.04
994,22.97696913944208,72.61530568220901,1,True,0.542,93.42
995,23.05286857166155,72.5591912262504,1,True,0.252,124.29
996,21.15831820130133,72.7775998098564,1,False,0.0,0.0
997,23.00646023179791,72.59237859888074,1,False,0.0,0.0
998,21.19550080800604,72.80662833862306,1,True,0.409,77.94
999,21.2267796471215,72.81608577413562,1,False,0.0,0.0
1000,21.15798327185317,72.77789485284802,1,False,0.0,0.0
1001,22.2795551276016,70.77484028968807,1,True,0.379,171.72
1002,21.21307053303767,72.87299305522538,1,True,0.318,84.6
1003,23.06581741266443,72.51212408332827,1,True,0.343,47.25
1004,22.26951976930158,70.76938279762265,1,True,0.346,74.79
1005,21.21981151720921,72.88767451520543,1,False,0.0,0.0
1006,21.24661108244823,72.89157131052015,1,True,0.544,152.37
1007,22.264832653066,70.77828583068847,1,False,0.0,0.0
1008,22.22468248954221,70.73288658895493,1,True,0.334,56.07
1009,23.04620436086992,72.67190040740965,1,False,0.0,0.0
1010,23.05317169907568,72.55997979570074,1,True,0.493,76.77
1011,22.28100265813435,70.79014489583965,1,True,0.437,98.19
1012,22.29878535663224,70.7753908098564,1,False,0.0,0.0
1013,21.22697094543746,72.81622524900439,1,False,0.0,0.0
1014,23.00700323209145,72.66304833631511,1,False,0.0,0.0
1015,21.21494600308899,72.87385784292222,1,True,0.502,66.15
1016,21.22461232716677,72.88794992394257,1,True,0.414,47.79
1017,23.06838945431733,72.50870227479936,1,True,0.436,89.82
1018,22.33359473342797,70.76913183565136,1,True,0.38,68.31
1019,23.10587836420426,72.6025175459633,1,True,0.52,68.49
1020,21.21788617287812,72.89152126983646,1,True,0.344,85.68
1021,22.29217727100425,70.78933749437336,1,True,0.569,143.91
1022,21.24439943136121,72.84713092030715,1,False,0.0,0.0
1023,22.03713968729543,71.21145370073314,1,True,0.542,167.4
1024,22.27697267988335,70.76356425396729,1,True,0.327,165.6
1025,23.10682960939731,72.60324978902432,1,True,0.539,91.35
1026,23.1129483552191,72.58180198049541,1,True,0.29,46.71
1027,21.21768993101929,72.90290886144635,1,True,0.53,254.97
1028,21.22951741037151,72.78391947717671,1,True,0.358,107.64
1029,21.22449426181224,72.88755295700838,1,True,0.429,92.43
1030,23.10638006532436,72.60205084159473,1,True,0.502,95.31
1031,22.29813796813557,70.7600355509262,1,True,0.562,161.19
1032,21.21522794008841,72.83030040740965,1,True,0.272,55.71
1033,21.17298562238265,72.86969382076266,1,True,0.306,80.55
1034,21.20139971491156,72.8745915459633,1,True,0.519,81.54
1035,23.04755236588671,72.6461526772461,1,False,0.0,0.0
1036,21.19103241674906,72.79256705522538,1,True,0.366,58.59
1037,23.08943429601341,72.65307970800399,1,True,0.372,60.3
1038,21.19611651504721,72.7884191263199,1,True,0.412,107.82
1039,21.2117758959243,72.78362533498765,1,False,0.0,0.0
1040,21.22429516823942,72.88712112135701,1,True,0.322,70.65
1041,21.73880772554207,70.27869265508656,1,True,0.565,76.86
1042,22.98133648706915,72.6044187754631,1,True,0.514,72.27
1043,22.27938521614149,70.7744969669342,1,True,0.499,73.8
1044,22.29221974522327,70.7933372000694,1,True,0.563,76.95
1045,23.04238636409238,72.64649580125807,1,False,0.0,0.0
1046,22.25872543634148,70.81227632506183,1,False,0.0,0.0
1047,22.25242230028925,70.68907014484404,1,True,0.459,155.88
1048,22.27479255222406,70.77528396329878,1,True,0.415,83.79
1049,22.26466772178951,70.77741411275868,1,True,0.277,62.55
1050,21.217672206954,72.89222400859833,1,True,0.539,53.28
1051,21.14730829316766,72.86930344047546,1,True,0.257,56.7
1052,22.31125306146273,70.81552215938572,1,True,0.623,88.65
1053,21.23033487944641,72.89129270933147,1,True,0.374,55.62
1054,22.27534728260217,70.774235219574,1,True,0.489,120.51
1055,21.22966748890127,72.86575935945513,1,True,0.374,127.71
1056,21.20594788154302,72.7859675753937,1,True,0.325,70.74
1057,22.96958094098926,72.61714752149581,1,True,0.299,98.1
1058,21.31623210717566,72.88312029199602,1,True,0.475,49.05
1059,23.04080819459091,72.66558501586917,1,True,0.259,177.39
1060,23.04186205977916,72.64660308961867,1,False,0.0,0.0
1061,23.09397939409979,72.55810308961867,1,True,0.345,56.88
1062,22.03695805315217,71.20045673379897,1,True,0.254,429.57
1063,22.969110772979,72.60817574470524,1,True,0.529,92.7
1064,21.22997456866809,72.86572985515596,1,False,0.0,0.0
1065,21.83368192670987,70.82246740608217,1,True,0.508,74.7
1066,21.7493153003135,70.61049352645871,1,True,0.478,65.97
1067,21.74440007924313,70.61435640111927,1,True,0.597,81.09
1068,21.21872610245953,72.88452763690945,1,True,0.465,58.86
1069,22.30730264198616,70.75323446130754,1,True,0.362,128.25
1070,23.02197067818886,72.5719602326103,1,True,0.497,92.52
1071,21.21774017260048,72.8920925803566,1,True,0.465,65.34
1072,21.18002576534247,72.8084183852501,1,True,0.342,140.4
1073,21.73965801916975,70.27995061111447,1,True,0.419,94.23
1074,22.29525502842385,70.7570544589996,1,True,0.348,119.52
1075,23.069854011027,72.54467510185242,1,True,0.392,46.98
1076,21.22817709397812,72.8292915459633,1,False,0.0,0.0
1077,23.06471105483566,72.56214175826645,1,True,0.264,51.12
1078,21.20664045967677,72.87037933498765,1,True,0.301,51.39
1079,23.01718639893864,72.69157008829119,1,False,0.0,0.0
1080,21.19672185051474,72.80672221593856,1,True,0.358,56.34
1081,23.00672866716198,72.59194676322936,1,False,0.0,0.0
1082,21.1579580891879,72.7775649411392,1,False,0.0,0.0
1083,21.19149315465949,72.79294524669645,1,False,0.0,0.0
1084,21.22997551111089,72.78387924404149,1,True,0.311,66.69
1085,22.28108984688863,70.76120273876185,1,True,0.57,142.2
1086,21.2314889826714,72.82568653240209,1,False,0.0,0.0
1087,21.20498873067493,72.78691975959393,1,False,0.0,0.0
1088,22.09751305718603,70.77812151422496,1,False,0.0,0.0
1089,23.01109037075634,72.52696087598804,1,True,0.534,287.1
1090,22.29933967805414,70.76061490807339,1,False,0.0,0.0
1091,22.97059778892256,72.6175257129669,1,False,0.0,0.0
1092,23.00932998603681,72.64667084655764,1,False,0.0,0.0
1093,22.96867652105425,72.61708501586916,1,True,0.314,65.43
1094,21.2173374132139,72.89271217063902,1,True,0.267,66.15
1095,23.00168432937008,72.60526174736019,1,True,0.266,104.31
1096,21.20610396383651,72.78622506745911,1,True,0.258,78.39
1097,21.19157120315797,72.79294792890546,1,True,0.29,49.68
1098,21.24335747846086,72.84648987235262,1,True,0.285,49.23
1099,22.27663615475166,70.76126902261508,1,True,0.392,125.1
1100,21.2177837287977,72.89323192261509,1,True,0.497,57.24
1101,21.21938192878525,72.8795018673897,1,True,0.364,113.49
1102,21.23726273464971,72.88640956315996,1,True,0.333,90.09
1103,22.2869679228688,70.75258163194655,1,True,0.641,167.76
1104,23.08690986604444,72.61928666997527,1,True,0.586,107.28
1105,22.25964147271897,70.80971873743438,1,False,0.0,0.0
1106,22.26913248555813,70.79058396329877,1,True,0.306,60.39
1107,21.22964074518596,72.7844988343239,1,True,0.308,103.5
1108,22.27620886559976,70.76111345449222,1,True,0.66,136.53
1109,22.97768015139858,72.61444737532429,1,True,0.566,86.13
1110,21.22807184386956,72.90090921230315,1,True,0.296,83.16
1111,22.27384415584529,70.80463963558196,1,False,0.0,0.0
1112,21.21201756113557,72.78396061111448,1,False,0.0,0.0
1113,21.7600053311502,70.61942029199602,1,True,0.508,85.05
1114,21.19803284418495,72.7972111362457,1,True,0.291,146.97
1115,21.21943730765378,72.87949918518069,1,True,0.382,120.24
1116,21.23810841493103,72.88576583299641,1,True,0.445,109.98
1117,22.29171962700445,70.7942644295692,1,True,0.471,137.25
1118,22.25926024233841,70.7846819262505,1,True,0.401,130.05
1119,22.27822718304991,70.80433562698364,1,True,0.34,97.56
1120,21.20048610049621,72.86808618591384,1,False,0.0,0.0
1121,21.24597684440214,72.84395096197129,1,True,0.307,43.65
1122,21.20966518892686,72.77642373247149,1,True,0.354,38.25
1123,21.1523993714745,72.8737367361069,1,True,0.606,51.3
1124,22.9690966908876,72.61684093484882,1,False,0.0,0.0
1125,23.04080175223881,72.57934641237256,1,False,0.0,0.0
1126,22.98779965909589,72.6215716048241,1,False,0.0,0.0
1127,23.04946961380177,72.51107621097567,1,True,0.267,58.05
1128,23.07558257379335,72.56243288822178,1,True,0.336,41.67
1129,22.24903249022292,70.78218856945034,1,False,0.0,0.0
1130,21.22351233945841,72.88825569577025,1,True,0.285,68.4
1131,21.197127588801,72.7812433227539,1,True,0.457,46.62
1132,22.2799224361992,70.7742260638237,1,True,0.624,114.21
1133,22.29836771810651,70.79583259391784,1,False,0.0,0.0
1134,22.29548500949607,70.78808460845951,1,True,0.42,68.4
1135,21.21490320908014,72.8291631507874,1,False,0.0,0.0
1136,22.2814624136241,70.78921953372955,1,True,0.473,76.86
1137,23.11308991769399,72.58093830919266,1,True,0.361,90.36
1138,21.21152347019889,72.88629315040127,1,True,0.277,55.26
1139,21.22451420235841,72.81964898776626,1,False,0.0,0.0
1140,23.00655849369668,72.64280425529478,1,False,0.0,0.0
1141,22.98133603752297,72.60944472023773,1,False,0.0,0.0
1142,21.21782837950402,72.90281766633984,1,True,0.396,55.98
1143,23.12772509384942,72.04622582076266,1,True,0.51,76.05
1144,23.04933046897161,72.5110815753937,1,False,0.0,0.0
1145,21.24040153146139,72.9079260638237,1,True,0.468,110.97
1146,21.14096490064746,72.88068466501235,1,False,0.0,0.0
1147,22.27531465418202,70.78346897916792,1,True,0.553,108.81
1148,23.04681673688496,72.66098466501236,1,True,0.335,66.96
1149,22.26997398198706,70.76825015575031,1,False,0.0,0.0
1150,22.30729992832294,70.78413760747905,1,True,0.418,56.61
1151,22.26946671052617,70.76909236938094,1,True,0.347,80.1
1152,21.22462239570415,72.88802770800399,1,True,0.38,59.4
1153,23.0398290808007,72.44853137168887,1,True,0.668,129.24
1154,21.24146008950719,72.87645131282808,1,False,0.0,0.0
1155,21.29678053731291,72.75790530786519,1,True,0.291,61.2
1156,21.74488745926742,70.2740788931847,1,True,0.5,145.35
1157,23.0942311907424,72.54646320734024,1,True,0.287,84.42
1158,22.98709028271909,72.62062034854885,1,False,0.0,0.0
1159,22.0332042692377,71.20399726123814,1,True,0.421,52.74
1160,21.21876017512492,72.81067894973754,1,True,0.664,97.65
1161,22.2596047380835,70.80899002943039,1,True,0.338,65.34
1162,23.074079566688,72.55625556812285,1,True,0.492,68.04
1163,23.03990859715025,72.44912145767212,1,True,0.615,118.26
1164,22.98087613079619,72.60977463194655,1,True,0.294,50.76
1165,23.00673247983867,72.64160530786519,1,False,0.0,0.0
1166,21.2108413090216,72.88433590541842,1,True,0.358,58.05
1167,21.72535532157146,70.44061154365536,1,False,0.0,0.0
1168,22.83090086740393,72.3693638138931,1,True,0.48,39.69
1169,21.21084881908808,72.88494399926685,1,True,0.403,61.92
1170,22.33392016368568,70.82177236309055,1,True,0.438,102.87
1171,21.19656364454002,72.78024017658237,1,True,0.365,64.89
1172,21.19100723981407,72.79223982572557,1,True,0.531,76.77
1173,22.3334673486413,70.76940542097087,1,True,0.343,63.99
1174,21.22747734629813,72.8297260638237,1,False,0.0,0.0
1175,21.23394239651362,72.82758886375429,1,True,0.316,82.62
1176,22.2692493084715,70.76827429563144,1,False,0.0,0.0
1177,22.03316422011082,71.20500308961867,1,True,0.33,111.33
1178,22.29515259316707,70.75665212764738,1,True,0.276,97.83
1179,23.03440573503354,72.43085640244675,1,True,0.281,54.09
1180,23.2558893122952,72.64003836574551,1,True,0.539,43.29
1181,21.21978552840587,72.83038173876186,1,False,0.0,0.0
1182,21.2302146296287,72.78472950429916,1,True,0.508,66.06
1183,23.01230555465024,72.59284787235262,1,True,0.5,161.28
1184,21.23993087713804,72.9075827410698,1,True,0.388,94.5
1185,23.07418943356627,72.54741614980693,1,False,0.0,0.0
1186,23.08599325652687,72.61924107242201,1,True,0.398,90.36
1187,21.2150139700442,72.82994099140167,1,True,0.306,70.56
1188,22.29192742265706,70.7926988343239,1,True,0.66,152.73
1189,21.21184317427005,72.88644871852412,1,True,0.353,58.77
1190,22.27006394145796,70.76809726983646,1,False,0.0,0.0
1191,23.06731742138949,72.65659691038132,1,True,0.505,95.58
1192,23.05374098312405,72.64556979398724,1,False,0.0,0.0
1193,21.75962569564324,70.61990542097088,1,True,0.424,52.83
1194,23.01825362154669,72.52008259755326,1,True,0.669,170.64
1195,22.26000383631382,70.80948002083207,1,False,0.0,0.0
1196,21.22074187224371,72.90070804662705,1,True,0.491,146.97
1197,21.14855645004547,72.87781107969286,1,True,0.429,40.59
1198,21.14827438697692,72.8779264146805,1,True,0.265,97.2
1199,23.09678738394859,72.52679387731553,1,True,0.281,104.13
1200,21.15363420565062,72.80085825033187,1,True,0.423,151.92
1201,21.22994782370356,72.78449078769685,1,True,0.424,44.91
1202,22.3348750228774,70.76898618154527,1,False,0.0,0.0
1203,21.220908006485,72.88438431415557,1,True,0.51,343.71
1204,21.22415928693071,72.81987965774152,1,True,0.288,69.57
1205,21.21496362415145,72.87422798776625,1,True,0.259,67.86
1206,21.95068479137651,70.79015399503709,1,True,0.414,85.32
1207,21.19132195150151,72.79221568584444,1,True,0.282,74.7
1208,21.17957445105465,72.71134367361068,1,True,0.446,88.83
1209,22.27659867324711,70.76164453187715,1,True,0.359,130.23
1210,21.22682747170049,72.8163727705002,1,False,0.0,0.0
1211,21.22237322846321,72.85335242195134,1,False,0.0,0.0
1212,23.00599404236106,72.63301183795932,1,False,0.0,0.0
1213,23.00903744341472,72.66182763690945,1,False,0.0,0.0
1214,23.01718639893864,72.69157236309054,1,False,0.0,0.0
1215,21.2635880633598,72.97993291038134,1,False,0.0,0.0
1216,23.05555156127115,72.67213142824173,1,True,0.417,117.63
1217,23.02686440335332,72.6527644295692,1,False,0.0,0.0
1218,23.00727796545327,72.59085778636937,1,True,0.369,87.12
1219,21.23444075362426,72.82705510416035,1,True,0.341,41.22
1220,21.24224869487891,72.88706472156522,1,True,0.262,53.64
1221,22.03636233375208,71.19932752380376,1,True,0.448,134.64
1222,22.98825429746024,72.60389385284803,1,True,0.306,56.25
1223,23.02692653144848,72.65282343816753,1,True,0.338,95.94
1224,23.10639993467565,72.60271602943038,1,True,0.64,70.29
1225,23.08971250066452,72.65317626752852,1,True,0.447,68.31
1226,21.22713203875617,72.81596507472996,1,False,0.0,0.0
1227,21.22733638993094,72.82938274106981,1,False,0.0,0.0
1228,22.31225480846422,70.81891037797926,1,True,0.299,66.33
1229,21.24430379317229,72.84595343054967,1,True,0.439,88.47
1230,21.76068496785747,70.62001037797927,1,True,0.589,81.09
1231,21.2004080571312,72.8684590129669,1,False,0.0,0.0
1232,21.2189363806157,72.87990419874193,1,True,0.434,95.94
1233,23.04653045194773,72.67030624040606,1,True,0.406,158.13
1234,21.19538388855026,72.78938472156521,1,True,0.414,68.67
1235,21.12570778927032,73.11175521726605,1,True,0.295,141.39
1236,22.25290246638417,70.81100268220902,1,True,0.579,94.68
1237,21.22423983511288,72.81890065145114,1,False,0.0,0.0
1238,23.05424536477745,72.64506822090148,1,True,0.273,55.98
1239,21.19640463122382,72.80608921461109,1,True,0.279,140.4
1240,23.10797229752773,72.5741908442497,1,True,0.287,135.36
1241,21.23235952718135,72.82194221363063,1,False,0.0,0.0
1242,21.23763306338249,72.90010033995053,1,True,0.438,45.81
1243,22.2928254176685,70.79378163194654,1,False,0.0,0.0
1244,21.19590110853982,72.80690460615158,1,True,0.29,76.41
1245,23.0647831033945,72.5619861901436,1,True,0.571,59.04
1246,23.06851864132132,72.50858962202074,1,True,0.503,83.43
1247,21.24149563994738,72.88882950429917,1,False,0.0,0.0
1248,21.22740226856662,72.88528239021299,1,True,0.277,54.63
1249,21.12747909861466,73.11057504529956,1,True,0.336,76.68
1250,21.96818433293393,70.79467740244675,1,False,0.0,0.0
1251,23.06596150811034,72.51330425529477,1,True,0.252,41.22
1252,22.0333644657452,71.2039355704308,1,True,0.542,449.01
1253,21.21891175734652,72.88224478406143,1,True,0.34,67.05
1254,22.30466629973153,70.76993495700837,1,True,0.297,66.06
1255,22.26994399549677,70.76853446990587,1,False,0.0,0.0
1256,22.27460249879084,70.78360308961867,1,True,0.484,68.67
1257,22.96842292742702,72.61723521957398,1,True,0.294,41.13
1258,23.06858202158384,72.54453562698365,1,False,0.0,0.0
1259,21.15822250717329,72.77742814847946,1,False,0.0,0.0
1260,23.10107818249628,72.58846938657757,1,True,0.587,71.1
1261,22.25410523785533,70.81014250793459,1,True,0.572,78.48
1262,21.24155133132854,72.79064134225848,1,False,0.0,0.0
1263,22.98268805107157,72.37989580125807,1,True,0.521,166.86
1264,21.30788364978883,72.77242419643397,1,True,0.583,41.85
1265,23.00493820983309,72.52578816204068,1,True,0.612,51.66
1266,23.07392179797707,72.54824361705785,1,False,0.0,0.0
1267,23.06814598650211,72.50906705522537,1,True,0.425,49.32
1268,21.32925662589503,72.75386204166414,1,True,0.407,67.86
1269,23.01669561643957,72.66515825033187,1,True,0.47,40.77
1270,23.05280148608629,72.56076300073305,1,True,0.354,199.98
1271,21.21143037165295,72.88565018783567,1,True,0.277,33.21
1272,21.2190955150553,72.8820784871025,1,True,0.336,60.48
1273,21.22456450161424,72.88782386011887,1,True,0.383,42.03
1274,21.14782450159075,72.7974672589302,1,True,0.411,104.4
1275,21.22403343039607,72.81880409192661,1,False,0.0,0.0
1276,23.45204601432147,71.99608472156523,1,True,0.728,61.74
1277,22.27778240781929,70.8036167949677,1,True,0.298,63.18
1278,21.12714365355331,73.11079052513124,1,True,0.421,115.92
1279,21.23313891334394,72.90429650297168,1,True,0.268,53.19
1280,22.32157195202674,70.77286816434864,1,True,0.347,51.57
1281,21.22937085287841,72.89123370073314,1,True,0.411,83.25
1282,22.28111781128981,70.80944909458158,1,True,0.408,107.1
1283,21.15504931333532,72.87130617923734,1,True,0.394,74.34
1284,21.15360902224733,72.80059807605744,1,True,0.391,159.03
1285,21.74989215352923,70.60944746494296,1,True,0.587,125.64
1286,22.26575773021711,70.78450186738971,1,True,0.387,48.51
1287,21.19638237674184,72.78063177909853,1,True,0.303,59.49
1288,21.12818435669581,73.11155136938093,1,True,0.415,97.02
1289,21.21543687554334,72.87409924173355,1,True,0.262,49.41
1290,22.25960723715471,70.809462098217,1,False,0.0,0.0
1291,22.31312528569621,70.764770439148,1,True,0.398,105.03
1292,21.19533716313374,72.80677854232788,1,True,0.33,89.64
1293,21.74448034031046,70.615035,1,True,0.449,58.59
1294,22.29489275739376,70.75705177679059,1,True,0.374,114.21
1295,21.75999780749662,70.61928886375429,1,True,0.496,85.59
1296,22.27473243591485,70.78354139881132,1,True,0.505,60.48
1297,23.08665401027125,72.61903454232788,1,True,0.396,80.55
1298,23.0967128681175,72.52707550926208,1,True,0.39,121.14
1299,21.12470815559618,72.85902100859833,1,False,0.0,0.0
1300,21.19677723800998,72.806437901783,1,True,0.345,67.05
1301,21.74940559038205,70.61063836574552,1,True,0.558,71.46
1302,23.0665254678728,72.5128911951065,1,True,0.27,64.17
1303,21.22176247421697,72.89412798776625,1,True,0.453,63.0
1304,22.98102076874634,72.60386624040606,1,True,0.47,90.09
1305,23.06828881261714,72.65696169080734,1,True,0.486,76.86
1306,23.03976031140086,72.66264909458158,1,True,0.275,56.7
1307,22.83225473351289,72.36952474643398,1,True,0.335,90.99
1308,21.22115583333996,72.89313020601277,1,True,0.477,55.17
1309,23.03985641454586,72.44894979629518,1,True,0.597,108.63
1310,22.29555483893152,70.7570893277168,1,True,0.342,106.56
1311,22.28792289547712,70.79446553869246,1,True,0.672,83.34
1312,21.15782462106194,72.77775269577025,1,True,0.286,50.67
1313,21.19574038662332,72.78073102083208,1,False,0.0,0.0
1314,22.27554968422661,70.77506670436857,1,True,0.511,56.25
1315,21.20155580092089,72.87459422817231,1,True,0.48,78.3
1316,21.22656842772642,72.8872076392174,1,True,0.376,57.33
1317,21.22744210720633,72.82990308961867,1,False,0.0,0.0
1318,22.29124265565,70.75722408332828,1,True,0.283,134.01
1319,21.21668368759441,72.89413582705306,1,True,0.339,68.04
1320,23.11861788141809,72.5770290968895,1,True,0.312,41.76
1321,21.24642232682266,72.89046087598804,1,True,0.454,135.81
1322,23.02969552959817,72.57771994113921,1,True,0.347,49.23
1323,23.09565971103799,72.5274456541061,1,False,0.0,0.0
1324,23.03917696243211,72.65944093484883,1,False,0.0,0.0
1325,21.26293378124395,72.9797612490044,1,False,0.0,0.0
1326,21.22429792528683,72.887118439148,1,True,0.445,51.39
1327,22.24894751579375,70.78174600496291,1,True,0.291,72.0
1328,23.10705313959934,72.60275089814758,1,True,0.734,187.38
1329,21.21545399569354,72.89228455588912,1,True,0.379,122.04
1330,21.19875790408961,72.79753031911847,1,True,0.288,38.43
1331,22.96890276634913,72.6171627999306,1,False,0.0,0.0
1332,21.29017552685696,72.89930495700838,1,True,0.359,72.18
1333,21.7500125402873,70.61031650066374,1,True,0.613,119.25
1334,21.74483649879672,70.61444223180774,1,True,0.518,107.01
1335,22.45900676502983,70.05642413988113,1,True,0.543,87.84
1336,23.0794030231539,72.57448921461109,1,False,0.0,0.0
1337,23.09395207112,72.55837131052014,1,True,0.344,55.53
1338,23.01648422913707,72.69184787235261,1,True,0.29,110.7
1339,21.24073303720902,72.88962880258556,1,True,0.356,108.36
1340,21.17903456111463,72.84451341104507,1,True,0.283,54.9
1341,21.22687828173756,72.82998623809813,1,True,0.267,46.26
1342,23.09272005312263,72.5571079900742,1,False,0.0,0.0
1343,23.01645571509918,72.69184367361069,1,False,0.0,0.0
1344,21.21831966139796,72.87942408332827,1,True,0.281,38.34
1345,21.22345720221645,72.88851587004469,1,True,0.311,96.75
1346,21.22449653898695,72.88796869940568,1,True,0.55,49.14
1347,23.07513044112848,72.56313026256561,1,True,0.28,69.48
1348,21.77486330089949,70.13201614980693,1,True,0.579,122.67
1349,21.95078246825295,70.790864780426,1,True,0.321,154.89
1350,22.98660644334452,72.6221724196434,1,False,0.0,0.0
1351,22.26314490198075,70.79018664550779,1,True,0.267,39.15
1352,21.16236580890381,72.85722227249143,1,False,0.0,0.0
1353,22.27765212367682,70.8044368492126,1,False,0.0,0.0
1354,21.21192624698146,72.8855904116394,1,True,0.348,49.68
1355,23.03272314742049,72.64820577182769,1,False,0.0,0.0
1356,21.19666032028205,72.78891533498764,1,True,0.372,99.18
1357,21.50215381978027,70.45898817427442,1,True,0.383,128.43
1358,23.07579125040791,72.56379545040127,1,True,0.492,70.74
1359,21.17304153015504,72.78806247717671,1,True,0.474,110.7
1360,21.21331219687548,72.87355631911848,1,False,0.0,0.0
1361,21.19124642069653,72.79274408102034,1,True,0.298,54.9
1362,21.22109447159413,72.82952611408616,1,False,0.0,0.0
1363,21.21109556255052,72.88566091667172,1,True,0.298,47.25
1364,21.8345792857658,70.82360734491344,1,True,0.529,134.37
1365,22.29170463602854,70.79525591897966,1,True,0.729,137.79
1366,21.21903761879089,72.88195778769685,1,True,0.349,126.54
1367,22.26988652139036,70.76952688724133,1,True,0.256,57.87
1368,21.15303232231193,72.80098163194656,1,True,0.48,149.76
1369,22.24964980445831,70.78072140111927,1,True,0.369,86.76
1370,23.10623352885858,72.60339999272915,1,True,0.517,67.86
1371,22.2812171748611,70.79035825033186,1,True,0.583,112.5
1372,23.02020130637554,72.67031381845473,1,False,0.0,0.0
1373,21.19663413757264,72.78124600496291,1,False,0.0,0.0
1374,23.02207160433745,72.61549924173354,1,False,0.0,0.0
1375,23.11149240592285,72.57997510185241,1,True,0.489,36.0
1376,22.28841290377222,70.77695212764739,1,True,0.409,68.85
1377,21.2154221633349,72.87535626983646,1,True,0.263,58.23
1378,21.3163553692638,72.88336169080735,1,True,0.53,93.42
1379,21.23170166679537,72.8910457754631,1,True,0.367,77.49
1380,21.20536634912693,72.78625457175826,1,False,0.0,0.0
1381,23.05343537256559,72.64470344047547,1,False,0.0,0.0
1382,21.18009123030222,72.80839424536897,1,True,0.578,117.18
1383,23.0532291475546,72.64397119741444,1,False,0.0,0.0
1384,21.139783694573,72.88032524900439,1,False,0.0,0.0
1385,22.27867532328081,70.81224489583965,1,True,0.35,77.67
1386,21.19539144140075,72.78955906515117,1,True,0.307,45.27
1387,22.25250477382157,70.68923912401196,1,True,0.345,54.27
1388,21.21393039871909,72.87906017427443,1,True,0.344,54.81
1389,23.06100490182446,72.5945071214264,1,True,0.384,104.76
1390,21.21494550543575,72.89171324536898,1,True,0.379,50.49
1391,23.07332987762377,72.54680997056961,1,True,0.32,35.46
1392,23.07803920791895,72.57483253736497,1,False,0.0,0.0
1393,21.22713800983615,72.90135177679059,1,True,0.335,41.22
1394,21.21813034575623,72.89224546627045,1,True,0.332,53.37
1395,23.02750308017155,72.65191685152054,1,False,0.0,0.0
1396,23.1059305212514,72.60259533002473,1,True,0.555,84.06
1397,22.25933158936889,70.81007278902432,1,False,0.0,0.0
1398,21.14148537020173,72.94315520734024,1,False,0.0,0.0
1399,22.27625384340522,70.76177864232788,1,True,0.494,98.46
1400,21.21384984518153,72.87922915344235,1,True,0.284,56.34
1401,22.37934731816808,71.97785626983645,1,True,0.268,159.03
1402,21.22138878891056,72.88330874834065,1,True,0.285,38.79
1403,21.24532097401105,72.8887337030411,1,False,0.0,0.0
1404,21.20630060480292,72.87110889583965,1,False,0.0,0.0
1405,22.29897991458579,70.75935426983645,1,False,0.0,0.0
1406,22.33364219050535,70.76910308961867,1,True,0.399,68.76
1407,22.28825996514779,70.79225445899961,1,True,0.254,48.78
1408,23.05554410743814,72.67162717294694,1,True,0.359,112.05
1409,22.98781706015893,72.6214455410004,1,True,0.302,39.6
1410,22.29795049196957,70.79611959028242,1,True,0.302,61.47
1411,21.21554210044118,72.89131359622577,1,True,0.596,106.29
1412,21.21878399890244,72.88352449073793,1,True,0.459,59.04
1413,23.10635771230415,72.60214203670122,1,True,0.568,81.27
1414,22.98264643339335,72.37930454959873,1,True,0.475,111.06
1415,21.22466039271837,72.88803307242202,1,True,0.452,106.83
1416,23.04200799989187,72.6498433227539,1,True,0.368,64.17
1417,22.27509476058755,70.78361918287276,1,True,0.446,83.61
1418,23.03940805853837,72.65937924404149,1,True,0.331,127.53
1419,23.00788541849875,72.65448128108976,1,False,0.0,0.0
1420,23.10670294228283,72.60237538888552,1,True,0.612,64.44
1421,21.22457461349504,72.81928688954926,1,True,0.436,49.77
1422,23.00899519035762,72.66202075595851,1,False,0.0,0.0
1423,21.20583207855107,72.7864235509262,1,True,0.38,73.26
1424,22.2778123926663,70.80354169311528,1,False,0.0,0.0
1425,22.26239020404007,70.78926396560671,1,False,0.0,0.0
1426,21.23018557914296,72.90267166137694,1,True,0.271,55.08
1427,21.21545745511203,72.82910425529477,1,True,0.376,57.15
1428,23.00123692217806,72.60410303306581,1,True,0.502,134.73
1429,23.05721118942501,72.70689352645871,1,True,0.318,76.23
1430,21.15478237178437,72.87013941831592,1,True,0.263,73.26
1431,22.27379255145591,70.7620091557503,1,True,0.506,82.89
1432,22.19605004433248,70.82709889087674,1,False,0.0,0.0
1433,21.21949268652232,72.87949650297168,1,True,0.348,129.24
1434,21.77514666281989,70.13103714351655,1,True,0.445,117.81
1435,22.27531465418202,70.7840832050323,1,True,0.448,81.9
1436,22.3347876029483,70.76920612268448,1,False,0.0,0.0
1437,23.04597576086914,72.671782390213,1,False,0.0,0.0
1438,23.01640980430983,72.66548816204069,1,True,0.4,63.54
1439,21.21214342843311,72.78289577413562,1,False,0.0,0.0
1440,21.21669799787395,72.89385448577504,1,True,0.43,92.16
1441,21.21471372032301,72.828417609787,1,False,0.0,0.0
1442,21.22638076710984,72.92970379133227,1,False,0.0,0.0
1443,22.26926488243253,70.76941498413083,1,True,0.3,54.0
1444,22.97681500398298,72.61540492394256,1,True,0.616,98.1
1445,22.28180744255167,70.80956174736019,1,False,0.0,0.0
1446,22.25969470464734,70.8083543458939,1,False,0.0,0.0
1447,22.33348233508679,70.76929545040127,1,True,0.458,62.37
1448,21.13639850992456,72.7994658329964,1,True,0.311,74.43
1449,22.26969723449179,70.78997778406143,1,True,0.63,61.2
1450,23.01090396255909,72.52719422817232,1,True,0.526,278.37
1451,22.26875760758532,70.7681007017136,1,False,0.0,0.0
1452,21.26419202737492,72.78255177679058,1,False,0.0,0.0
1453,22.27015980253042,70.81690015938572,1,True,0.351,231.57
1454,21.1671021401288,72.83898425760272,1,True,0.341,71.82
1455,21.21543661268957,72.87265275463103,1,True,0.294,73.17
1456,23.06878325428871,72.54447930059433,1,True,0.297,39.24
1457,21.19613061591105,72.7813559755325,1,True,0.333,46.44
1458,21.22121762029832,72.8837727705002,1,True,0.457,336.24
1459,21.21238509364438,72.78311303306582,1,False,0.0,0.0
1460,21.15833582916703,72.77781438657757,1,False,0.0,0.0
1461,22.29477033476979,70.75598425760272,1,True,0.299,70.38
1462,23.04074103393457,72.44984297189708,1,True,0.403,121.5
1463,22.27760486162819,70.7629473458939,1,True,0.305,38.79
1464,21.24528825583645,72.88901533498765,1,False,0.0,0.0
1465,21.23989564098549,72.90818892030714,1,True,0.585,68.22
1466,23.06152918892057,72.52380040740965,1,True,0.573,81.27
1467,21.19668801406716,72.78930693750378,1,True,0.446,47.97
1468,22.26855769631548,70.76946594610212,1,False,0.0,0.0
1469,22.27709740123079,70.80386285648345,1,True,0.33,77.22
1470,21.2414500220965,72.87626892261508,1,False,0.0,0.0
1471,23.00196768725835,72.6047735853195,1,True,0.468,139.23
1472,21.22737209761272,72.90096285648345,1,True,0.298,49.59
1473,21.22397050212874,72.81891406249622,1,False,0.0,0.0
1474,22.27692748624733,70.8038360343933,1,False,0.0,0.0
1475,21.72544719230595,70.44290110912326,1,True,0.268,68.31
1476,21.15708676896936,72.7768192870331,1,True,0.301,88.29
1477,23.03430136500592,72.43102001719666,1,True,0.474,55.26
1478,22.2748050461515,70.77402868947986,1,True,0.429,80.28
1479,21.21137494626031,72.88590959451216,1,True,0.29,74.88
1480,23.04085782357296,72.44975177679059,1,True,0.32,146.25
1481,22.27529230932145,70.77460536441804,1,True,0.453,126.09
1482,21.22068512029431,72.89386781349182,1,True,0.414,114.57
1483,21.22317156352978,72.78872214120862,1,True,0.26,83.07
1484,23.00831988383579,72.55545370073314,1,True,0.356,89.82
1485,21.22080731906603,72.8840088048935,1,True,0.271,53.37
1486,22.99375603245829,72.60962484159474,1,False,0.0,0.0
1487,21.22377687835399,72.88866070933148,1,True,0.325,95.67
1488,21.12769823237559,73.11081376190187,1,True,0.563,75.96
1489,21.22666268290201,72.92962064285281,1,False,0.0,0.0
1490,22.30805210279822,70.75323714351656,1,True,0.498,132.48
1491,21.13092947580922,72.89057515840526,1,True,0.268,155.97
1492,21.24732583708371,72.89182880258556,1,True,0.702,101.79
1493,22.0358592261915,71.2008805228233,1,True,0.379,478.53
1494,23.0749888032128,72.55626629695891,1,True,0.324,93.78
1495,21.22573135394576,72.73860839748384,1,True,0.615,103.77
1496,22.94903145098026,72.60201270933148,1,True,0.411,71.73
1497,22.28001031065903,70.78938997287754,1,True,0.449,104.94
1498,23.03961793069952,72.65355445899961,1,False,0.0,0.0
1499,21.77503632720486,70.13205370073314,1,True,0.441,119.52
1500,22.27006144258377,70.7682474735413,1,False,0.0,0.0
1501,22.29108221145031,70.7946819262505,1,True,0.727,137.7
1502,21.19180283095993,72.7918079900742,1,True,0.35,35.1
1503,23.09286411974329,72.55694973974232,1,True,0.38,53.19
1504,22.9985699824191,72.62343481216433,1,True,0.287,76.95
1505,21.23814616851502,72.88603137168887,1,True,0.442,65.61
1506,23.07340559748114,72.6520433227539,1,True,0.697,99.27
1507,22.30750749460812,70.75325860118868,1,True,0.3,120.96
1508,21.22065125356664,72.8848644295692,1,True,0.326,122.76
1509,21.16401152572663,72.81403795833586,1,True,0.383,166.14
1510,22.31308531617047,70.764770439148,1,True,0.289,26.19
1511,21.22200298216625,72.88392297420503,1,True,0.422,127.35
1512,21.22284181497927,72.788247390213,1,False,0.0,0.0
1513,22.27980249869794,70.77455329332349,1,True,0.57,113.13
1514,21.19606364509382,72.78823137168887,1,True,0.371,59.76
1515,22.31319788355225,70.81927702579497,1,True,0.34,46.35
1516,21.15404973180495,72.80103527612685,1,True,0.403,106.47
1517,23.07358694968843,72.65197894973754,1,True,0.65,97.74
1518,21.23229660249297,72.82045626983646,1,False,0.0,0.0
1519,22.28037719922479,70.77459889087675,1,True,0.659,110.97
1520,22.41493744415545,71.03863749437335,1,True,0.623,113.85
1521,21.24774380424205,72.84271300363542,1,True,0.452,53.55
1522,23.11856324554936,72.57710956315995,1,True,0.314,42.3
1523,21.22645879737375,72.92946239252095,1,False,0.0,0.0
1524,21.12729522775779,73.11060454959872,1,False,0.0,0.0
1525,22.26293982522242,70.77782956085201,1,False,0.0,0.0
1526,23.00607365174553,72.662662098217,1,True,0.268,138.42
1527,22.23670997664175,70.59925096197128,1,False,0.0,0.0
1528,22.30663011421389,70.81914825396728,1,True,0.271,75.33
1529,23.09366145397143,72.55807894973753,1,True,0.281,32.13
1530,22.28107262092627,70.78861603670123,1,True,0.45,51.03
1531,21.22214256870837,72.89330454959872,1,True,0.338,54.09
1532,22.28718529730708,70.75305370073315,1,True,0.765,334.71
1533,22.97639734660994,72.61589308598325,1,True,0.568,84.15
1534,22.29577482590533,70.78838501586917,1,True,0.379,103.14
1535,22.9813066554166,72.60408618154527,1,True,0.565,53.28
1536,21.22700208790137,72.90034863061906,1,True,0.359,102.87
1537,21.04649093059722,73.08416851520542,1,True,0.317,92.79
1538,21.21970665033255,72.87988542327882,1,True,0.305,120.69
1539,23.05391212505445,72.55966865945503,1,True,0.291,48.06
1540,21.24682567497134,72.8917180737495,1,True,0.477,143.1
1541,23.03431627500987,72.4303387361069,1,False,0.0,0.0
1542,21.20270056963486,72.87442524900439,1,False,0.0,0.0
1543,21.26196662618322,72.95764554100039,1,False,0.0,0.0
1544,21.15303232231193,72.8011184246063,1,True,0.41,151.92
1545,23.06538360719208,72.58127788108976,1,True,0.585,72.0
1546,23.07397201259431,72.65177510185242,1,True,0.739,104.31
1547,21.1099037328974,72.86088204662704,1,True,0.27,35.46
1548,21.19841551469019,72.79668542327882,1,True,0.501,70.38
1549,21.20550732668235,72.78569130786518,1,False,0.0,0.0
1550,22.98093579437155,72.60973708102034,1,True,0.287,72.63
1551,22.25182499197949,70.68939737434383,1,True,0.351,188.82
1552,23.06277640063122,72.52380308961867,1,True,0.658,69.66
1553,21.23336795843302,72.90406046857838,1,False,0.0,0.0
1554,21.23383863350621,72.90406046857838,1,True,0.347,34.47
1555,22.98219117966871,72.59476897916792,1,False,0.0,0.0
1556,21.95054203286479,70.78985626983645,1,True,0.335,150.39
1557,21.22394281369112,72.82024712037655,1,False,0.0,0.0
1558,23.07187455659218,72.66127014484404,1,True,0.418,56.43
1559,22.25150759383999,70.68589574470523,1,True,0.482,198.72
1560,23.04632475357988,72.66089346990587,1,True,0.498,56.79
1561,21.22315897770724,72.78847269577025,1,True,0.263,80.28
1562,23.04667510532744,72.66030606613164,1,True,0.509,59.4
1563,23.06706209918863,72.51340617923734,1,True,0.374,45.45
1564,23.0684366572611,72.50880151653291,1,True,0.41,56.88
1565,21.19641510564985,72.78032332506183,1,True,0.289,81.63
1566,21.205127190774,72.78652279265975,1,True,0.26,49.14
1567,23.06860807847793,72.50926822090148,1,True,0.467,79.11
1568,21.21253361705548,72.78282335449222,1,False,0.0,0.0
1569,21.17109942011019,72.81353898413083,1,False,0.0,0.0
1570,21.1582325802394,72.7777258736801,1,True,0.253,97.38
1571,21.24613329380058,72.8852715753937,1,True,0.344,66.24
1572,21.20039496491972,72.86311143054967,1,True,0.334,58.32
1573,22.22424004563397,70.73344448843,1,True,0.291,96.66
1574,23.07856088587767,72.57453749437335,1,False,0.0,0.0
1575,21.19605720057186,72.80612676553729,1,True,0.296,57.06
1576,23.11416472494989,72.57214402446749,1,False,0.0,0.0
1577,21.22124530933853,72.88327924404149,1,True,0.409,67.59
1578,21.2326581888433,72.82769810416035,1,True,0.326,53.28
1579,22.98615310701784,72.62068740377423,1,False,0.0,0.0
1580,21.24617104526795,72.88498994344715,1,True,0.319,48.06
1581,22.9812763739476,72.61024133631511,1,True,0.491,52.29
1582,21.74969401698992,70.61066518783566,1,True,0.478,65.97
1583,21.21560754968228,72.8926654295692,1,True,0.325,52.56
1584,23.01167852231739,72.64657930059433,1,False,0.0,0.0
1585,21.22539685941025,72.92973560482409,1,False,0.0,0.0
1586,21.23265904869803,72.8205367361069,1,True,0.349,89.91
1587,21.22692563794158,72.81736518783566,1,True,0.319,54.09
1588,21.12714661980498,73.11074670667651,1,False,0.0,0.0
1589,21.24456805658904,72.84717115344236,1,True,0.327,62.55
1590,22.29903487844901,70.75959835085679,1,False,0.0,0.0
1591,22.2812397676931,70.76066093254087,1,True,0.568,130.23
1592,22.99313708020476,72.61053947486876,1,False,0.0,0.0
1593,21.24648591461476,72.89034210052493,1,True,0.566,169.2
1594,21.23406516161629,72.90427236309054,1,True,0.332,48.42
1595,22.27470245042469,70.7830103214264,1,True,0.536,73.62
1596,22.26526535103557,70.77624358035659,1,False,0.0,0.0
1597,22.97763788845011,72.61490603306581,1,True,0.676,97.29
1598,23.0400950302134,72.66677859888074,1,True,0.276,55.8
1599,21.74002673056581,70.27998816204068,1,True,0.558,220.32
1600,21.21847124229121,72.88238962334822,1,True,0.335,63.9
1601,21.20477978179816,72.7868607509956,1,False,0.0,0.0
1602,21.20497362593685,72.78623579629517,1,True,0.269,60.57
1603,23.11172520642289,72.59996128339769,1,True,0.594,104.94
1604,23.10978209916305,72.58043947486875,1,True,0.42,36.99
1605,22.28560488502534,70.75691918287276,1,True,0.415,38.79
1606,21.14720251844576,72.86930880489349,1,True,0.28,134.37
1607,21.21543637474402,72.89187954232789,1,True,0.525,54.45
1608,22.37706479931851,71.97960151653291,1,True,0.371,208.98
1609,21.21870479625639,72.81060921230315,1,True,0.613,78.75
1610,22.25928023476533,70.7852451901436,1,True,0.275,51.57
1611,22.26313724677112,70.77756133995054,1,False,0.0,0.0
1612,23.05500494685061,72.67237819147108,1,True,0.283,83.25
1613,21.21351371880862,72.876829560852,1,False,0.0,0.0
1614,21.21394046791128,72.87867930059433,1,True,0.507,54.54
1615,21.22146195169128,72.85399230422975,1,False,0.0,0.0
1616,23.00460763101894,72.52594373016355,1,True,0.365,157.68
1617,21.2119690420146,72.88640312097087,1,True,0.389,45.99
1618,23.02166048567634,72.64323953142161,1,True,0.789,152.37
1619,21.17322733649933,72.85587970800398,1,True,0.303,99.72
1620,21.21818962081062,72.80892925396728,1,True,0.545,81.09
1621,21.21786097016523,72.89475570800398,1,True,0.265,58.14
1622,23.2555543911882,72.6399820393562,1,True,0.274,53.46
1623,21.23851649576772,72.90039538294215,1,True,0.373,67.59
1624,21.2219135051407,72.89309533729558,1,True,0.564,105.66
1625,21.22976817079203,72.86548845634464,1,True,0.492,128.16
1626,22.9878466176546,72.6039770013275,1,True,0.253,83.16
1627,22.98169198092869,72.60431953372955,1,True,0.545,97.65
1628,22.29890028068278,70.77530497916793,1,False,0.0,0.0
1629,22.26995149211934,70.76825283795932,1,True,0.252,67.23
1630,21.19521269060596,72.78946787004467,1,True,0.275,51.39
1631,21.23717212604814,72.88610110912326,1,True,0.359,107.46
1632,21.19108528831255,72.79258046627045,1,True,0.374,148.77
1633,22.31191006760086,70.81680425529477,1,True,0.251,67.95
1634,22.34415773841812,70.57383755092621,1,False,0.0,0.0
1635,21.8947,71.03122880258556,1,True,0.582,74.34
1636,23.03003598499251,72.5768079900742,1,False,0.0,0.0
1637,21.7443474079177,70.61467290178301,1,True,0.601,68.85
1638,21.2057313802972,72.78583078273394,1,False,0.0,0.0
1639,21.14790768325843,72.86943988227841,1,True,0.268,62.28
1640,23.11155341262577,72.56556853142162,1,False,0.0,0.0
1641,21.22749748292201,72.82987894973753,1,False,0.0,0.0
1642,21.22466015271931,72.888030390213,1,True,0.38,63.18
1643,21.197160317709,72.78082221593857,1,True,0.302,62.82
1644,22.28922713370939,70.79389422817232,1,True,0.668,230.76
1645,21.22173616050599,72.88398198280335,1,True,0.367,141.03
1646,21.83326332625641,70.82350273876186,1,True,0.43,97.83
1647,23.03020377652381,72.46668501586917,1,True,0.428,80.28
1648,21.96870771531879,70.79547401852413,1,False,0.0,0.0
1649,22.29849023653166,70.76023135218428,1,True,0.321,82.62
1650,23.04779573396677,72.66063329563144,1,False,0.0,0.0
1651,22.30647772307401,70.81926627116394,1,True,0.299,98.91
1652,21.22327758147861,72.82681574239729,1,False,0.0,0.0
1653,21.13589982198786,72.79990839748383,1,True,0.281,234.18
1654,21.20601109879927,72.87101501852413,1,True,0.326,84.6
1655,21.12786447178043,73.11144944543837,1,True,0.298,136.35
1656,22.29151225183764,70.79348664550778,1,True,0.582,83.52
1657,21.1920243879879,72.79213253736498,1,True,0.284,68.04
1658,22.29246209812004,70.79274174966814,1,True,0.545,157.68
1659,21.23361713935412,72.90410606613163,1,True,0.358,60.21
1660,23.04196824230737,72.64953755092621,1,True,0.39,44.64
1661,22.31418947431898,70.76476507472997,1,False,0.0,0.0
1662,22.25960261264949,70.78524787235261,1,True,0.309,51.12
1663,23.04848317634515,72.5107355704308,1,True,0.547,89.28
1664,21.24573312824645,72.8855639361763,1,True,0.399,107.64
1665,22.95381462410619,72.61903698049541,1,False,0.0,0.0
1666,23.11069203562863,72.59973866004947,1,True,0.559,108.9
1667,22.2491049684125,70.78183183565137,1,True,0.517,81.63
1668,23.1271166904011,72.04668984292222,1,True,0.446,169.65
1669,23.07425717260379,72.54910997056962,1,True,0.277,32.31
1670,23.04058952398038,72.51531609325409,1,True,0.553,106.56
1671,22.27693783462859,70.80523953142162,1,False,0.0,0.0
1672,23.1108704267941,72.5647638687172,1,False,0.0,0.0
1673,22.25647515182347,70.95637591667172,1,False,0.0,0.0
1674,21.21420981880248,72.87855055456163,1,True,0.368,56.16
1675,23.04020436551866,72.51517661838531,1,True,0.546,131.13
1676,23.06347888325707,72.56379236078261,1,True,0.387,51.21
1677,21.19829467137275,72.7961194771767,1,True,0.595,143.82
1678,23.06797456528528,72.50887661838532,1,True,0.344,81.36
1679,22.33419564514267,70.76891107969286,1,True,0.444,59.76
1680,22.03475744810327,70.33773982572556,1,False,0.0,0.0
1681,21.22493456318412,72.81875581216434,1,False,0.0,0.0
1682,21.22087276588836,72.88493148479458,1,True,0.317,44.37
1683,22.98713096110189,72.62170839748384,1,True,0.254,95.04
1684,21.24693892842354,72.89160542097088,1,True,0.594,135.54
1685,21.20253189615833,72.87459422817231,1,False,0.0,0.0
1686,21.21628996819444,72.87264470800399,1,True,0.33,72.63
1687,22.98717570669257,72.62254524669645,1,False,0.0,0.0
1688,22.25177500802051,70.68591183795932,1,True,0.309,204.39
1689,22.27448520160916,70.77453026256562,1,True,0.368,80.82
1690,21.21478124545949,72.87818577413562,1,True,0.369,119.43
1691,22.29333510209675,70.79398279762265,1,False,0.0,0.0
1692,21.75229462562249,70.6118219361763,1,True,0.628,113.22
1693,21.20248728194429,72.87469346990586,1,False,0.0,0.0
1694,21.2299615631511,72.90307667493818,1,True,0.308,58.5
1695,22.26596005945301,70.7769516835365,1,False,0.0,0.0
1696,22.26321721499338,70.77759620866773,1,True,0.286,87.48
1697,21.17986400950681,72.71126320734024,1,True,0.478,60.75
1698,22.27654619914074,70.76124220052493,1,True,0.373,50.22
1699,21.19555256887774,72.78822600727084,1,False,0.0,0.0
1700,21.23731055585609,72.8864927116394,1,True,0.399,350.73
1701,23.04110879705122,72.4489927116394,1,True,0.347,41.13
1702,21.22957781926022,72.78406163425448,1,True,0.373,100.53
1703,21.22812218532689,72.90111574239728,1,True,0.318,47.79
1704,21.21126422578257,72.88579234491344,1,True,0.341,39.51
1705,23.07376462412648,72.54688507242201,1,False,0.0,0.0
1706,23.06644845134137,72.51238693981172,1,True,0.368,41.76
1707,23.0298558653856,72.46757014484405,1,True,0.447,92.97
1708,23.11783062821861,72.576573121357,1,True,0.369,43.38
1709,22.82724387800528,72.27881617923734,1,True,0.529,124.92
1710,21.72546976878174,70.44298962202073,1,True,0.462,59.49
1711,22.99405183694893,72.61065212764738,1,False,0.0,0.0
1712,21.24649094810152,72.89120577182769,1,True,0.613,136.62
1713,23.05831677428807,72.6519739361763,1,False,0.0,0.0
1714,22.26951169026162,70.76938204795454,1,False,0.0,0.0
1715,22.9763774581636,72.61533786871719,1,True,0.514,96.3
1716,22.26622994617633,70.77649570800398,1,True,0.255,59.22
1717,23.10810889696791,72.57368390674591,1,False,0.0,0.0
1718,23.09428988250638,72.55817282705306,1,False,0.0,0.0
1719,21.76045329580801,70.6190524785042,1,True,0.437,60.57
1720,21.74426463869202,70.61501086011887,1,True,0.426,63.09
1721,21.21986859595436,72.82971118650818,1,False,0.0,0.0
1722,22.33376457981019,70.7690808736801,1,True,0.344,58.95
1723,21.76044170305819,70.61877119741445,1,True,0.388,64.62
1724,22.30758472404333,70.78313714351656,1,True,0.459,57.6
1725,23.06738698393265,72.65684903802871,1,True,0.428,64.26
1726,21.16459825780169,72.81450466270442,1,True,0.274,139.5
1727,21.22414941432529,72.88734910912326,1,True,0.405,72.09
1728,21.12374092333423,72.85971838294216,1,True,0.333,66.78
1729,22.27485502186124,70.7744739361763,1,True,0.452,94.05
1730,22.29917021835502,70.82422110681532,1,True,0.298,55.44
1731,22.30659293543813,70.78389620866773,1,True,0.637,100.71
1732,21.21530849351682,72.87476979398723,1,True,0.341,53.82
1733,21.24675705346533,72.8914720687866,1,True,0.657,138.24
1734,21.21986104435904,72.82887433729557,1,False,0.0,0.0
1735,22.45668859897565,70.06526775693898,1,True,0.519,67.32
1736,21.96866013510199,70.79387005753331,1,False,0.0,0.0
1737,22.28078777241631,70.78971306018828,1,True,0.536,50.85
1738,23.00791459081478,72.52073329563143,1,True,0.664,100.8
1739,21.40333411086765,72.90401270933147,1,True,0.266,67.86
1740,22.29825029518174,70.79553218650818,1,False,0.0,0.0
1741,22.26968411258084,70.76906018287276,1,True,0.302,51.57
1742,23.01070671929138,72.646517609787,1,True,0.252,54.9
1743,23.10859072044785,72.57447247619625,1,False,0.0,0.0
1744,21.17152748714416,72.81309373743439,1,False,0.0,0.0
1745,21.2140864711981,72.87920501356123,1,True,0.413,57.69
1746,22.27405492580775,70.76230151653292,1,True,0.45,73.53
1747,21.24188071657765,72.88834938888553,1,True,0.401,57.42
1748,21.2114630536815,72.88534096620103,1,False,0.0,0.0
1749,23.00594242452683,72.6501705522537,1,False,0.0,0.0
1750,23.0755055621856,72.5635084540367,1,True,0.272,33.48
1751,23.0554,72.6721260638237,1,True,0.467,117.18
1752,23.05910745362812,72.65113755092621,1,True,0.26,47.52
1753,22.30741661419195,70.82291406878659,1,True,0.573,572.22
1754,21.25332669237688,72.84348252016834,1,False,0.0,0.0
1755,21.26340689086229,72.78188122453689,1,True,0.322,123.3
1756,22.98245717699547,72.59538856945034,1,True,0.279,68.04
1757,22.2773100100634,70.76416238657758,1,False,0.0,0.0
1758,21.21882113710657,72.8824754540367,1,True,0.419,60.84
1759,21.22243655149353,72.788247390213,1,True,0.25,74.79
1760,21.19124390300303,72.79193405389789,1,True,0.278,115.02
1761,21.76046583520444,70.61860186738971,1,True,0.401,62.91
1762,23.07289311992963,72.66143107738492,1,True,0.385,71.64
1763,21.20604102742784,72.78624652513123,1,True,0.427,72.72
1764,21.21550961360296,72.87329112037655,1,True,0.459,55.71
1765,21.2216285497452,72.80858851289749,1,False,0.0,0.0
1766,23.00600704833412,72.6501705522537,1,False,0.0,0.0
1767,22.25991387017993,70.81005669577024,1,False,0.0,0.0
1768,22.33331498644549,70.76959125165935,1,True,0.368,65.34
1769,22.98099342306484,72.60466017427443,1,True,0.494,85.05
1770,21.20270308714943,72.87452985515596,1,False,0.0,0.0
1771,22.28087995776238,70.7613368492126,1,True,0.637,108.9
1772,22.27388534581798,70.78413416700359,1,True,0.49,77.04
1773,22.29076294579368,70.75846058168409,1,True,0.399,47.97
1774,23.02026343797292,72.67022798776625,1,True,0.253,54.45
1775,21.21874310301106,72.88220991534423,1,True,0.381,117.54
1776,21.21464279406683,72.87862297420503,1,True,0.471,57.24
1777,22.2620776678262,70.77768472156522,1,False,0.0,0.0
1778,23.00950645429469,72.64766058168408,1,False,0.0,0.0
1779,23.04631059805775,72.67202110681531,1,True,0.647,166.5
1780,22.98225381038503,72.60478892030714,1,True,0.529,74.34
1781,21.14777665149962,72.79798760747906,1,True,0.411,175.14
1782,22.29180999393389,70.79019580125808,1,True,0.558,56.16
1783,23.08388112732272,72.53525205886079,1,True,0.386,46.26
1784,21.22539406183728,72.92971452016833,1,False,0.0,0.0
1785,22.29982728329918,70.82301947717671,1,False,0.0,0.0
1786,23.04761696950944,72.64661401719665,1,False,0.0,0.0
1787,23.00784573848818,72.52627515840526,1,True,0.56,105.93
1788,22.33344736671398,70.76928740377423,1,True,0.338,62.37
1789,21.16386547224872,72.81415061111447,1,True,0.446,74.07
1790,22.98089398422301,72.60461457672118,1,True,0.51,72.63
1791,21.2340878144273,72.90450839748384,1,True,0.262,64.08
1792,22.95257137653443,72.61902625165935,1,False,0.0,0.0
1793,21.19656364454002,72.78020262565617,1,False,0.0,0.0
1794,23.06994841649349,72.54429959259035,1,True,0.323,49.86
1795,22.95937622618873,72.56068693981172,1,True,0.373,99.99
1796,21.19580936579419,72.7888375509262,1,True,0.376,69.84
1797,22.98667604759668,72.62174326620104,1,False,0.0,0.0
1798,22.28059208724788,70.77429848346709,1,True,0.69,110.34
1799,23.03483564014732,72.43144380622098,1,True,0.545,120.06
1800,21.20686199470565,72.87025595337296,1,False,0.0,0.0
1801,21.21061978119443,72.88448610912326,1,True,0.313,77.04
1802,22.29124961128021,70.77807737665178,1,True,0.555,255.15
1803,21.24205285343999,72.8231988343239,1,False,0.0,0.0
1804,23.06878325428871,72.54541539154049,1,True,0.335,35.55
1805,21.22987184735821,72.86700241600798,1,False,0.0,0.0
1806,23.01607180039987,72.66482833862307,1,True,0.321,42.48
1807,21.21056935873707,72.78339078769686,1,True,0.319,67.86
1808,22.33355227183241,70.76960198049541,1,True,0.565,64.53
1809,21.24021528322648,72.90793142824172,1,True,0.457,144.0
1810,22.33419241588375,70.8224348687172,1,True,0.361,115.56
1811,22.30737237635708,70.78274285879138,1,True,0.296,75.33
1812,23.09365648615692,72.55812454729079,1,False,0.0,0.0
1813,22.26273240764593,70.77761498413084,1,False,0.0,0.0
1814,21.29692897554045,72.75784361705784,1,False,0.0,0.0
1815,23.07430934199017,72.5486003508568,1,True,0.268,36.36
1816,21.23027000444335,72.78470804662705,1,True,0.333,62.46
1817,23.10010702753159,72.58821457672117,1,True,0.415,98.46
1818,21.2270439408475,72.8162440244675,1,False,0.0,0.0
1819,21.22140657343708,72.85464944543837,1,True,0.263,57.06
1820,21.1690881106888,72.89523947486876,1,True,0.441,73.26
1821,23.03914217377095,72.66068816204069,1,True,0.414,69.84
1822,23.04597515215538,72.67177970800398,1,False,0.0,0.0
1823,21.18050164524219,72.8083271901436,1,True,0.396,102.42
1824,22.31204496619957,70.81903375959394,1,True,0.283,64.44
1825,21.22931557964776,72.86709629332348,1,False,0.0,0.0
1826,21.13675867343441,72.80009078769685,1,True,0.256,60.39
1827,22.95260867396158,72.61778438888553,1,True,0.411,78.12
1828,22.29131779268993,70.78916851520543,1,True,0.568,142.11
1829,23.03950859539426,72.6536107853889,1,False,0.0,0.0
1830,22.27339274291977,70.76188577413562,1,True,0.493,286.02
1831,22.969658012593,72.61760349702833,1,False,0.0,0.0
1832,22.27363762564816,70.76165510416035,1,True,0.451,81.18
1833,22.38198052740585,71.98351306018827,1,True,0.37,111.42
1834,21.24203523562666,72.82311568584444,1,False,0.0,0.0
1835,22.33338742093202,70.76931422586438,1,True,0.419,122.31
1836,21.78290686346631,70.81155073876185,1,False,0.0,0.0
1837,21.22454440792673,72.81869948577504,1,False,0.0,0.0
1838,23.04143042371063,72.57879655952453,1,True,0.461,58.23
1839,21.96787631363567,70.79520579762266,1,False,0.0,0.0
1840,23.07882420903779,72.57566402215954,1,False,0.0,0.0
1841,22.29121742931133,70.79236816434863,1,True,0.714,182.7
1842,23.04629878260937,72.67188699636458,1,True,0.59,141.3
1843,23.01260131771922,72.59265475330356,1,True,0.406,57.78
1844,21.16919386933519,72.894373121357,1,True,0.44,80.01
1845,21.24628137324449,72.84456518783567,1,False,0.0,0.0
1846,23.04937270936648,72.51107084655764,1,True,0.309,65.97
1847,21.15261427781727,72.8001179606438,1,True,0.404,52.65
1848,21.9685123860077,70.79542842097088,1,False,0.0,0.0
1849,21.72641389860198,70.44070273876186,1,True,0.306,52.74
1850,23.03057902353715,72.46752722949981,1,True,0.401,57.87
1851,21.213822154903,72.87845131282808,1,True,0.327,53.82
1852,21.19530080719494,72.78957247619624,1,False,0.0,0.0
1853,21.21485538048203,72.87347965145113,1,True,0.396,67.32
1854,22.27316947516409,70.80403345634463,1,False,0.0,0.0
1855,21.21570913220163,72.87523020601277,1,True,0.383,49.68
1856,21.22184502718542,72.80932343816752,1,True,0.288,79.29
1857,21.14224597007005,72.94349584788512,1,False,0.0,0.0
1858,21.12695267383266,73.11136093254088,1,True,0.354,109.53
1859,21.12778890841459,73.11036851520542,1,True,0.428,69.39
1860,23.07838450904401,72.575017609787,1,True,0.489,98.1
1861,21.95077495464707,70.7896819262505,1,True,0.314,104.85
1862,22.29614272887996,70.82937510185242,1,True,0.671,67.59
1863,23.02320831661652,72.57188781296689,1,True,0.593,159.48
1864,21.2234494110998,72.88841394610212,1,True,0.277,42.21
1865,21.22739223419565,72.9010272294998,1,True,0.363,62.64
1866,22.9871772884208,72.62094221363063,1,False,0.0,0.0
1867,21.27641446595892,72.95952463558197,1,True,0.412,79.83
1868,21.21556727322622,72.89136724040607,1,True,0.558,100.17
1869,22.27385252273633,70.76181335449222,1,True,0.563,144.81
1870,23.0463540328286,72.6703116048241,1,True,0.312,37.62
1871,21.22678489746042,72.88751609325409,1,True,0.378,78.66
1872,21.25335689190299,72.84473511177822,1,False,0.0,0.0
1873,21.76057868977236,70.61835778636937,1,True,0.537,70.38
1874,23.04042800591579,72.51491644411088,1,True,0.485,114.12
1875,21.17997983288767,72.71171381845473,1,True,0.396,89.37
1876,23.11096522982904,72.59998542327882,1,True,0.735,111.06
1877,22.28848256858828,70.79440921230315,1,True,0.695,123.48
1878,22.28001488802309,70.77364134225849,1,True,0.287,71.01
1879,21.21570847816015,72.87294511541364,1,True,0.421,68.4
1880,21.21769234492333,72.89160978273395,1,True,0.415,59.04
1881,21.75067968357158,70.61001609325409,1,True,0.524,125.01
1882,21.24641796254344,72.89045475330356,1,True,0.54,133.29
1883,22.27501994170337,70.77485212764739,1,True,0.464,47.07
1884,23.04012229733965,72.4484455410004,1,True,0.677,116.55
1885,22.2989727328016,70.7747551263199,1,False,0.0,0.0
1886,22.24956732927706,70.78156897916793,1,False,0.0,0.0
1887,22.27910536197189,70.77465521726606,1,True,0.422,159.57
1888,21.19814361722594,72.79645475330355,1,True,0.283,154.17
1889,22.28987204630686,70.7765739361763,1,True,0.502,252.9
1890,21.23425373387817,72.90548198280335,1,False,0.0,0.0
1891,23.07366147799279,72.65123866004947,1,True,0.748,96.84
1892,21.20214741724656,72.8747551607132,1,True,0.328,62.19
1893,21.21743886462184,72.89413850926208,1,True,0.269,46.8
1894,22.27470744800639,70.78355749206541,1,True,0.605,105.93
1895,22.98042616799864,72.60966197916792,1,True,0.422,75.42
1896,22.25231233557951,70.68863562698364,1,True,0.314,146.61
1897,22.31421695336792,70.7651915459633,1,False,0.0,0.0
1898,22.3337171227328,70.76947247619624,1,True,0.327,60.57
1899,21.23225884767994,72.82153988227842,1,False,0.0,0.0
1900,23.03966091515235,72.66149306249622,1,True,0.304,49.14
1901,23.06636646600145,72.51362612037654,1,True,0.297,74.43
1902,21.30542327702518,72.96094489583965,1,True,0.317,56.43
1903,21.15825524463815,72.77772050926207,1,True,0.301,99.99
1904,21.14677186422088,72.86920956315996,1,False,0.0,0.0
1905,21.37030310004057,73.06115971031193,1,True,0.541,70.74
1906,22.27480989843108,70.7827742870331,1,True,0.561,87.12
1907,21.23707396672977,72.88611183795932,1,True,0.376,60.21
1908,21.15820236104107,72.77792167493817,1,False,0.0,0.0
1909,23.06798947147805,72.50855207109454,1,True,0.294,42.93
1910,21.22761783579539,72.81684215707777,1,False,0.0,0.0
1911,22.9821270258617,72.60362484159474,1,True,0.541,76.86
1912,21.22444643624836,72.887483219574,1,True,0.478,77.67
1913,22.24974727512706,70.7820893277168,1,False,0.0,0.0
1914,22.25648233073629,70.9563805228233,1,False,0.0,0.0
1915,22.2939047493989,70.79340612268447,1,False,0.0,0.0
1916,22.95893201558299,72.62037778406143,1,True,0.307,105.03
1917,21.22703890668129,72.8163727705002,1,False,0.0,0.0
1918,21.28862677553971,72.94100856812285,1,True,0.412,47.7
1919,23.0190315147183,72.52059221726606,1,True,0.622,168.48
1920,21.2097875848661,72.8764475214958,1,True,0.277,78.57
1921,21.22601535107484,72.88545136938093,1,True,0.444,34.2
1922,21.24134934798958,72.87640303306581,1,False,0.0,0.0
1923,22.33476012811344,70.76943411045075,1,True,0.296,48.24
1924,22.26480766347865,70.77745702810292,1,False,0.0,0.0
1925,21.72522237232355,70.44015020370482,1,True,0.254,69.3
1926,23.04970069360898,72.53176746263503,1,True,0.297,111.6
1927,22.26482515618979,70.77744898147587,1,False,0.0,0.0
1928,21.22125537808043,72.8833355704308,1,True,0.586,75.15
1929,21.22338330126222,72.82723148479458,1,False,0.0,0.0
1930,22.28824497386085,70.79220081481931,1,True,0.29,40.05
1931,21.21113397270685,72.78310230422976,1,True,0.263,91.17
1932,22.28745967991761,70.76355445899961,1,True,0.382,71.28
1933,21.22810661579453,72.829417609787,1,True,0.278,65.88
1934,21.19911288133459,72.79631259622576,1,True,0.301,66.15
1935,21.1101493365727,72.8643405214958,1,True,0.538,62.28
1936,21.11482531604765,72.83338001356124,1,True,0.721,147.24
1937,22.3122922802972,70.81711270933147,1,True,0.42,61.74
1938,21.17125302063415,72.81253583795932,1,True,0.315,61.02
1939,21.21940458377692,72.87949918518069,1,True,0.345,106.11
1940,21.21789731410487,72.88261761111447,1,True,0.396,44.01
1941,21.2018798598834,72.87494291534423,1,True,0.469,58.23
1942,22.27461999032677,70.78284938888552,1,True,0.437,70.65
1943,23.06636895040569,72.51194973974232,1,True,0.316,38.61
1944,22.2896346857918,70.77632180852892,1,True,0.466,62.46
1945,23.11288874996652,72.58165445899961,1,True,0.458,57.33
1946,21.21190107343254,72.88541338584443,1,True,0.38,46.98
1947,23.02168639271873,72.61491988458636,1,True,0.369,75.24
1948,21.22055327392975,72.83037637434383,1,True,0.269,33.84
1949,22.27674029687041,70.76365008465577,1,True,0.36,46.62
1950,21.24558020262525,72.88958664550779,1,True,0.437,101.61
1951,21.21717455266224,72.89361011408617,1,True,0.391,71.73
1952,23.11849867588631,72.57688962202073,1,True,0.269,45.27
1953,21.21099551867956,72.78317204166414,1,False,0.0,0.0
1954,22.27065117689299,70.76933645040128,1,True,0.299,209.07
1955,21.2151071099458,72.83024944543837,1,False,0.0,0.0
1956,21.21534260292432,72.87853982572557,1,True,0.3,58.59
1957,23.07408757867135,72.54592215938573,1,True,0.366,49.05
1958,22.29088537174659,70.75832378902433,1,True,0.353,42.75
1959,21.22930346222399,72.78470804662705,1,True,0.279,52.56
1960,22.29131279572298,70.78996513128281,1,True,0.58,140.22
1961,21.20754670740733,72.87504291534424,1,False,0.0,0.0
1962,21.22108924383914,72.88379959259035,1,True,0.391,324.09
1963,23.06255776590903,72.52402034854886,1,True,0.511,55.08
1964,21.22064873638116,72.8846981326103,1,True,0.351,205.65
1965,23.05409877109493,72.64427696924213,1,False,0.0,0.0
1966,22.9810973832215,72.60863737532429,1,True,0.437,39.51
1967,22.29562979155843,70.75705714120862,1,True,0.391,107.28
1968,21.14759287753849,72.86917201223375,1,False,0.0,0.0
1969,23.11319671043821,72.58091685152054,1,False,0.0,0.0
1970,22.27327192667494,70.80385911275867,1,False,0.0,0.0
1971,21.23225129671734,72.82039726123814,1,False,0.0,0.0
1972,21.22450342754104,72.825670439148,1,True,0.26,81.54
1973,21.21005946060625,72.87698396329877,1,True,0.265,123.75
1974,22.96972237570966,72.60879265277863,1,True,0.537,136.89
1975,22.97667081274705,72.6153217754631,1,True,0.612,91.08
1976,23.07824042656017,72.57484863061906,1,True,0.279,41.94
1977,22.28714985710608,70.76268542327882,1,True,0.275,45.9
1978,22.32046285648818,70.77351189451217,1,True,0.449,177.66
1979,23.01877553070336,72.52049029332349,1,True,0.547,160.56
1980,21.24032854228825,72.90789655952453,1,True,0.581,142.56
1981,21.20208447933958,72.87494291534423,1,True,0.312,52.74
1982,22.9808438130262,72.6096190638237,1,True,0.369,55.26
1983,22.96967044349683,72.6172709031105,1,False,0.0,0.0
1984,22.27387164283601,70.80457794477462,1,False,0.0,0.0
1985,23.11447019777332,72.57344757804866,1,True,0.348,65.7
1986,22.27478491052262,70.78370769577025,1,True,0.602,99.72
1987,21.22423731798219,72.81956852149581,1,False,0.0,0.0
1988,21.24524547053119,72.88858081712725,1,True,0.317,45.9
1989,21.21083480993925,72.87698128108975,1,False,0.0,0.0
1990,21.19170715860695,72.79245440244675,1,False,0.0,0.0
1991,21.17413633328136,72.85565172023773,1,True,0.33,52.29
1992,21.16902264105057,72.89490956315996,1,True,0.591,69.93
1993,21.19639848813194,72.78901725893019,1,True,0.354,77.67
1994,21.22963476728677,72.86548577413562,1,False,0.0,0.0
1995,21.22156058589768,72.80830688095094,1,False,0.0,0.0
1996,21.21680917952413,72.87684489583965,1,True,0.574,49.32
1997,21.74964887195564,70.61073224306102,1,True,0.637,73.98
1998,21.21888720560503,72.88341988458636,1,True,0.388,63.54
1999,23.05369129035032,72.64449422817232,1,False,0.0,0.0
2000,21.21823714000468,72.88150717658236,1,True,0.307,56.7
2001,23.10675509932997,72.60313981845472,1,True,0.542,93.51
2002,23.10663339955331,72.60319614484403,1,True,0.539,88.11
2003,21.13030987041876,72.88966052513123,1,True,0.558,112.95
2004,23.10622607785185,72.6030459411392,1,True,0.466,64.89
2005,21.74938552592237,70.61014215707777,1,True,0.6,61.56
2006,21.17320971052295,72.85614792890546,1,True,0.591,110.25
2007,21.1269572630653,73.11135915344235,1,False,0.0,0.0
2008,21.14133677618772,72.9432383558197,1,False,0.0,0.0
2009,21.19714017684254,72.78016239252095,1,False,0.0,0.0
2010,23.03926641898937,72.66004443187715,1,False,0.0,0.0
2011,21.21595092911449,72.79303310185242,1,True,0.273,37.8
2012,21.22746224383021,72.83020886144635,1,True,0.26,60.75
2013,21.19799004551003,72.79717090311048,1,True,0.42,68.94
2014,23.01086023309478,72.64180192394257,1,False,0.0,0.0
2015,23.00133634599851,72.60447049570084,1,True,0.393,130.77
2016,21.31634530705252,72.88313102083208,1,True,0.594,44.46
2017,21.20188307803722,72.87494827976226,1,True,0.464,58.32
2018,21.19638992956677,72.78084367361069,1,True,0.255,46.8
2019,21.11030803814516,72.8650110737495,1,True,0.25,40.23
2020,21.2273142049368,72.90042373247148,1,True,0.381,60.93
2021,21.2178232113246,72.8946296441803,1,True,0.345,149.13
2022,23.01017324242587,72.52810081481931,1,True,0.509,107.82
2023,21.24633674212492,72.84358886375429,1,True,0.494,73.62
2024,21.15789198400981,72.86876031415557,1,True,0.333,57.51
2025,21.21954303094826,72.87925778636937,1,True,0.391,121.41
2026,23.04710195050264,72.67029282936099,1,True,0.319,45.27
2027,21.22192808426296,72.78808109325409,1,True,0.315,106.2
2028,23.1094219771212,72.58041801719665,1,True,0.366,33.48
2029,22.28177495991977,70.80937399272916,1,True,0.272,64.8
2030,23.04236400040129,72.64634023313522,1,True,0.261,99.99
2031,23.00892559708709,72.661564780426,1,False,0.0,0.0
2032,21.20974617829761,72.7833612833977,1,False,0.0,0.0
2033,21.19827704838895,72.79689195337295,1,True,0.455,87.75
2034,21.23305673272858,72.82166862831113,1,False,0.0,0.0
2035,22.29106252256021,70.794770439148,1,True,0.72,237.6
2036,22.9703317675806,72.61638309192661,1,False,0.0,0.0
2037,22.24905748270208,70.78178892030715,1,False,0.0,0.0
2038,22.27434728579981,70.76203866004947,1,True,0.48,94.23
2039,22.29421455758077,70.7928482232094,1,True,0.347,74.7
2040,23.11294090456253,72.58142110681531,1,True,0.291,46.8
2041,23.00472451431253,72.64880262565617,1,False,0.0,0.0
2042,23.11076654313784,72.59938997287755,1,True,0.637,107.37
2043,22.25945266944756,70.78499574470523,1,True,0.337,65.34
2044,21.1908184128016,72.79309008598325,1,True,0.423,63.54
2045,21.22116492287332,72.85480501356123,1,False,0.0,0.0
2046,23.10648189574972,72.60326051786038,1,True,0.538,67.23
2047,21.22731920454261,72.88556402215954,1,True,0.533,97.83
2048,22.33351980120052,70.76941346759791,1,True,0.437,65.07
2049,23.04565461495978,72.67143102083207,1,True,0.26,46.44
2050,22.03702563476478,71.20048892030715,1,False,0.0,0.0
2051,22.31385972573164,70.76565825033187,1,False,0.0,0.0
2052,23.11037976128085,72.58027282705305,1,True,0.51,38.16
2053,22.29951955978832,70.7601642969589,1,False,0.0,0.0
2054,22.26940423867138,70.76898776322936,1,True,0.461,79.29
2055,21.21955058261214,72.87960110912326,1,True,0.442,75.06
2056,22.97630287648984,72.61518498280334,1,True,0.597,85.23
2057,22.27473493470569,70.78246046857838,1,True,0.558,61.56
2058,23.06024447378676,72.67420320734024,1,False,0.0,0.0
2059,23.05508942362469,72.6723996491432,1,True,0.308,83.25
2060,23.08605038936943,72.61929471660231,1,False,0.0,0.0
2061,21.22060090985715,72.88487247619625,1,True,0.297,59.58
2062,23.0468664321683,72.66040530786519,1,True,0.572,244.35
2063,21.22370867593725,72.88830665774152,1,True,0.454,66.24
2064,22.24971478490414,70.78071603670124,1,False,0.0,0.0
2065,21.22955973334873,72.86715530192181,1,False,0.0,0.0
2066,23.03248209828033,72.64772833862307,1,False,0.0,0.0
2067,21.19561550929844,72.78906017427443,1,True,0.396,62.19
2068,23.0748695590784,72.55562256679538,1,True,0.503,56.34
2069,23.01259883231527,72.59274594841006,1,True,0.318,133.02
2070,22.30701939818954,70.82318765410609,1,True,0.551,96.03
2071,22.28222471943837,70.80875172023774,1,False,0.0,0.0
2072,21.19075295277061,72.79271189451217,1,True,0.316,85.41
2073,21.24184647334098,72.82323638525011,1,False,0.0,0.0
2074,22.3133975780903,70.76522105026247,1,False,0.0,0.0
2075,21.15834590223314,72.7780370099258,1,False,0.0,0.0
2076,21.21341289014123,72.87343025529478,1,False,0.0,0.0
2077,22.27027634576425,70.76813482076267,1,False,0.0,0.0
2078,21.11010903141144,72.86384163061906,1,True,0.472,50.22
2079,22.83168481561041,72.36937186052015,1,True,0.317,44.19
2080,21.23244007078248,72.82101685152054,1,False,0.0,0.0
2081,22.98827169842756,72.6037812000694,1,True,0.417,101.97
2082,23.06896770332102,72.5373915459633,1,False,0.0,0.0
2083,21.21847321189707,72.87965743551257,1,False,0.0,0.0
2084,23.07416462512391,72.64685971031193,1,True,0.426,91.26
2085,21.21181617345951,72.78291454959873,1,False,0.0,0.0
2086,22.27769994949002,70.80475941600798,1,True,0.408,95.49
2087,21.22961500582122,72.89088501356123,1,True,0.519,84.96
2088,21.21113397270685,72.78307011772159,1,False,0.0,0.0
2089,21.22743959012834,72.83003988227841,1,False,0.0,0.0
2090,21.20596046882475,72.78691975959393,1,False,0.0,0.0
2091,23.05510930051271,72.67160303306581,1,False,0.0,0.0
2092,22.45725258522668,70.0663433227539,1,True,0.452,72.99
2093,22.27286461944889,70.80423730422974,1,True,0.287,53.73
2094,23.04644650702407,72.66183492527004,1,True,0.527,101.43
2095,21.23292081540169,72.82166058168409,1,False,0.0,0.0
2096,21.24026813745531,72.90758005886079,1,True,0.664,67.23
2097,21.7450170861982,70.61581015840527,1,True,0.521,66.06
2098,23.10702830291022,72.60201060845951,1,True,0.577,62.91
2099,21.21462630667,72.87437550926207,1,True,0.296,37.98
2100,21.22965558586457,72.82443405389789,1,False,0.0,0.0
2101,21.22034554575414,72.90745323677065,1,True,0.308,239.67
2102,21.21468099551489,72.82839615211488,1,False,0.0,0.0
2103,23.04257272818475,72.646482390213,1,False,0.0,0.0
2104,23.02998757460221,72.46672793121341,1,True,0.609,72.99
2105,21.20228517972998,72.87455935945512,1,False,0.0,0.0
2106,21.26249257198903,72.95763749437334,1,True,0.312,76.86
2107,21.21467161797348,72.8297988343239,1,True,0.279,103.77
2108,21.14703126413411,72.8692548098564,1,True,0.27,45.9
2109,23.0078476427358,72.55476169080734,1,True,0.317,135.45
2110,22.27757716118411,70.80293749437335,1,True,0.282,61.29
2111,23.04706769806583,72.66026851520543,1,True,0.443,54.0
2112,21.14907020777747,72.87819463558198,1,True,0.358,48.15
2113,21.21457344348261,72.82978005886079,1,False,0.0,0.0
2114,21.21813789749473,72.89264511541364,1,True,0.525,65.88
2115,23.1084466701291,72.57391994113921,1,True,0.354,52.11
2116,23.03666045407807,72.52511217175827,1,True,0.279,56.61
2117,21.21238257629843,72.78351,1,False,0.0,0.0
2118,21.20246699042481,72.8653544589996,1,False,0.0,0.0
2119,21.21973770163553,72.82884483299641,1,False,0.0,0.0
2120,21.22722312142158,72.829962098217,1,True,0.258,64.35
2121,22.22437252883813,70.7333184246063,1,True,0.3,117.81
2122,21.21508445429406,72.87426822090147,1,True,0.421,106.92
2123,21.21727699930591,72.89224010185242,1,True,0.655,69.93
2124,23.06922546936856,72.54485749206542,1,True,0.379,104.58
2125,21.21156123052225,72.88561186931152,1,True,0.283,42.57
2126,22.24978476384581,70.78152338161469,1,False,0.0,0.0
2127,23.04079825501771,72.6654294477463,1,False,0.0,0.0
2128,22.98056289702552,72.60879562565617,1,True,0.487,57.87
2129,22.27423234084567,70.7625187754631,1,True,0.508,64.62
2130,22.28603714245686,70.75743148479458,1,True,0.266,110.07
2131,22.3147546507499,70.7730631507874,1,True,0.281,66.15
2132,21.20484271820682,72.78553573974231,1,False,0.0,0.0
2133,21.16459825780169,72.81358466501236,1,True,0.319,72.27
2134,22.97086629644529,72.61724139881133,1,False,0.0,0.0
2135,21.21450547652739,72.82970227479936,1,True,0.255,49.05
2136,21.15702047158654,72.86118198280334,1,True,0.352,53.64
2137,21.23705669296592,72.89966045767211,1,True,0.433,76.41
2138,23.06859504933283,72.67072495470045,1,True,0.345,35.46
2139,23.06934284166914,72.53774559755325,1,True,0.309,100.35
2140,21.2215148127521,72.85455288591383,1,False,0.0,0.0
2141,23.04071866996125,72.44978396329877,1,True,0.288,53.46
2142,21.25823947222606,72.85123218650818,1,True,0.275,53.64
2143,22.29106722042077,70.79477312135701,1,True,0.661,139.86
2144,21.13775924521858,73.05779650297168,1,False,0.0,0.0
2145,21.21986104435904,72.83014570436856,1,False,0.0,0.0
2146,23.07819074294505,72.57528583068847,1,True,0.288,68.04
2147,23.06591927323826,72.51231452016833,1,True,0.316,44.64
2148,23.0393428471571,72.66216897916793,1,True,0.375,70.56
2149,21.21531742994384,72.87800874834065,1,True,0.305,49.23
2150,22.97048066364808,72.60809259622577,1,True,0.474,69.12
2151,23.04070376064572,72.44972495470044,1,True,0.428,145.17
2152,23.00687398562624,72.66190839748384,1,False,0.0,0.0
2153,21.17411618930835,72.85552833862306,1,False,0.0,0.0
2154,21.22179909014285,72.88463912401197,1,True,0.388,59.13
2155,23.07446892981842,72.64369807605743,1,False,0.0,0.0
2156,21.21156379182159,72.88560459028241,1,True,0.411,61.29
2157,22.30775959860848,70.78306740608217,1,True,0.668,105.57
2158,21.21525563032942,72.87410728836059,1,True,0.504,101.79
2159,21.23158966346993,72.82626857175828,1,False,0.0,0.0
2160,21.22670043948131,72.93069889087674,1,False,0.0,0.0
2161,21.22146493307526,72.80862338161468,1,False,0.0,0.0
2162,23.06746151522889,72.65673102083207,1,True,0.605,72.36
2163,22.27543924537293,70.76258866945034,1,True,0.372,76.77
2164,22.29877754763485,70.76055858168408,1,False,0.0,0.0
2165,21.17218489187726,72.8704475214958,1,False,0.0,0.0
2166,21.13954191251938,72.88111650066374,1,True,0.324,50.85
2167,21.20552243142043,72.78563229926685,1,False,0.0,0.0
2168,21.19916323271686,72.79629113855364,1,False,0.0,0.0
2169,21.19638338243097,72.78819382076266,1,True,0.452,56.34
2170,23.10633784295286,72.60285550429916,1,True,0.608,69.3
2171,21.21601623923446,72.87590075826645,1,False,0.0,0.0
2172,23.06993731114242,72.65683941831591,1,True,0.543,78.66
2173,21.25872768199734,72.85100956315996,1,False,0.0,0.0
2174,21.19560654776968,72.80689655952453,1,True,0.421,82.62
2175,23.074663366096,72.55639236078261,1,True,0.521,71.19
2176,21.20593781171763,72.78623311408616,1,True,0.271,51.39
2177,23.07362798951134,72.54727667493817,1,False,0.0,0.0
2178,21.21157885200649,72.88644067189708,1,True,0.36,106.02
2179,22.26927992001427,70.78960495700838,1,True,0.606,96.48
2180,22.73352777517664,72.44135556812284,1,True,0.381,103.86
2181,22.3072826563645,70.75266583299641,1,False,0.0,0.0
2182,21.75230214968489,70.6123664246063,1,True,0.406,118.8
2183,21.21295739254788,72.87644332275389,1,False,0.0,0.0
2184,23.00819063890316,72.55509160251616,1,True,0.308,72.63
2185,23.0477834480757,72.64566183299641,1,False,0.0,0.0
2186,21.19831732949477,72.79640110912325,1,True,0.49,71.55
2187,22.2990226997801,70.77432060845952,1,False,0.0,0.0
2188,23.06832110951218,72.65645475330355,1,True,0.524,83.43
2189,22.26035870273085,70.81011302215954,1,False,0.0,0.0
2190,21.15693819124424,72.77715456315995,1,False,0.0,0.0
2191,21.23618925517716,72.91005982341764,1,True,0.558,75.51
2192,22.27931775129704,70.7748644295692,1,True,0.606,168.75
2193,23.07007511856693,72.54395358762744,1,True,0.254,67.23
2194,21.24089411501514,72.88878390674591,1,False,0.0,0.0
2195,23.06861243985227,72.53770268220902,1,False,0.0,0.0
2196,21.19664269696426,72.78942763690945,1,True,0.382,44.91
2197,23.10625091454096,72.60296279265975,1,True,0.475,55.62
2198,23.01706958893709,72.69151644411089,1,False,0.0,0.0
2199,22.28061036676537,70.78910688095094,1,True,0.47,104.49
2200,21.11898842775348,72.84270536441802,1,False,0.0,0.0
2201,21.19688086318682,72.78040647354129,1,True,0.282,41.76
2202,23.12795107227308,72.04642698643876,1,True,0.456,68.49
2203,21.23187030607517,72.89110746627044,1,True,0.425,82.08
2204,23.02948558853138,72.4679081031799,1,True,0.459,135.9
2205,23.06489987174846,72.56208543187715,1,True,0.271,66.96
2206,22.27911785546161,70.77333020601277,1,True,0.454,77.04
2207,21.21777962147971,72.88308460845951,1,True,0.326,32.76
2208,21.20599319575726,72.78642623313522,1,True,0.314,73.17
2209,22.26879009316667,70.76876052513124,1,True,0.524,87.84
2210,23.10675013199215,72.60326588227841,1,True,0.484,86.76
2211,22.26970223226997,70.79072880258556,1,True,0.411,75.15
2212,21.15850455302438,72.77791631052014,1,True,0.281,125.55
2213,23.09550293895153,72.54707743320462,1,True,0.427,54.18
2214,23.04003042298756,72.51548775463102,1,True,0.389,100.62
2215,22.25930522529899,70.78525860118867,1,True,0.286,58.41
2216,23.01175059977967,72.6466651312828,1,True,0.397,65.79
2217,21.13787761935987,73.05865212764739,1,False,0.0,0.0
2218,21.21492838202652,72.82980151653291,1,True,0.255,43.38
2219,22.29815795499492,70.76020184788511,1,True,0.565,159.39
2220,22.98178596878777,72.59529737434383,1,True,0.386,105.84
2221,21.69313223498776,72.96948081712725,1,True,0.569,102.51
2222,23.00793463451738,72.55493871660231,1,True,0.408,76.05
2223,22.29838770498732,70.79524250793459,1,True,0.347,68.13
2224,21.72704935441595,70.39547387962345,1,False,0.0,0.0
2225,21.23107619139743,72.82660384788512,1,True,0.301,103.86
2226,23.0931423173556,72.55759346990587,1,False,0.0,0.0
2227,23.07320933961298,72.65117696924213,1,True,0.586,115.74
2228,21.21575378907191,72.87271444543838,1,True,0.553,63.81
2229,22.2909503324563,70.75794023313523,1,True,0.326,61.92
2230,22.29570487022034,70.78944985284802,1,True,0.452,110.16
2231,23.06846895401209,72.5087451901436,1,True,0.332,68.85
2232,21.21518968145063,72.8919895128975,1,True,0.408,47.7
2233,22.37762162125832,71.97968734722137,1,True,0.456,125.37
2234,22.28016033790094,70.76099620866772,1,True,0.636,151.74
2235,21.24669732105885,72.89137743320462,1,True,0.47,167.85
2236,21.2007605110377,72.86853411481931,1,False,0.0,0.0
2237,23.05824969118641,72.65225825033187,1,True,0.266,64.26
2238,22.27940520572503,70.77350991401676,1,True,0.372,76.14
2239,21.20558285037275,72.78717725165934,1,False,0.0,0.0
2240,23.10795242851825,72.57386629695891,1,False,0.0,0.0
2241,23.00483133096836,72.52548507242201,1,True,0.616,64.71
2242,22.29126490073505,70.79378163194654,1,True,0.341,279.18
2243,23.06490235618153,72.56245557672118,1,True,0.322,52.29
2244,23.10600006398092,72.60252559259034,1,True,0.522,67.14
2245,22.24912246314791,70.78189352645872,1,True,0.317,205.92
2246,21.20265273685793,72.87572075595851,1,True,0.283,69.66
2247,22.29492024002363,70.75703031911847,1,True,0.368,122.22
2248,21.23176962590813,72.89156880622097,1,True,0.578,68.67
2249,22.28996537974933,70.79558583068848,1,True,0.75,144.99
2250,22.31153534927113,70.81590571527482,1,True,0.539,86.22
2251,23.11777847579845,72.5767206428528,1,True,0.277,69.75
2252,21.96795394451572,70.79517092890546,1,False,0.0,0.0
2253,22.30818200933898,70.7532076392174,1,True,0.293,114.84
2254,23.04648821075019,72.67012116798405,1,True,0.285,52.92
2255,21.21855179361561,72.88256128472517,1,True,0.346,32.76
2256,21.15820236104107,72.77773123809813,1,True,0.256,48.42
2257,23.07903039604053,72.57497469444276,1,True,0.281,52.92
2258,23.06333478470549,72.56359655952454,1,False,0.0,0.0
2259,23.00687895664413,72.66223562698364,1,False,0.0,0.0
2260,21.23288975277686,72.82899092890545,1,True,0.657,299.97
2261,21.23139710929004,72.89176460747905,1,True,0.535,108.27
2262,21.27121938230625,72.96966740608217,1,False,0.0,0.0
2263,23.07385969156471,72.54951766633985,1,True,0.263,48.96
2264,22.9805902428309,72.60873661705784,1,True,0.532,62.19
2265,22.73086956934333,72.44388472883605,1,True,0.429,105.84
2266,22.33341489608209,70.76935789947507,1,True,0.333,60.03
2267,23.04735344594504,72.661282390213,1,True,0.463,54.45
2268,21.21408909367571,72.77619152645872,1,True,0.47,93.06
2269,23.12663839667224,72.58680769577025,1,True,0.332,43.47
2270,21.2276384392892,72.83023300132749,1,False,0.0,0.0
2271,21.21599624001673,72.79315111904906,1,False,0.0,0.0
2272,22.2770127967461,70.80415591897966,1,False,0.0,0.0
2273,21.23805052610225,72.88585166368489,1,True,0.444,72.27
2274,22.28939732527675,70.77594898147588,1,True,0.587,117.9
2275,21.13025445855457,72.88968466501235,1,True,0.587,103.41
2276,23.04298769889711,72.64682571296689,1,True,0.442,56.52
2277,21.22622974079261,72.92970379133227,1,False,0.0,0.0
2278,22.25266254509441,70.81096781349183,1,True,0.739,91.98
2279,21.17410412575851,72.78901734358595,1,True,0.483,80.73
2280,21.24435412906119,72.84700485648345,1,True,0.435,67.32
2281,21.21575947761685,72.87522484159474,1,False,0.0,0.0
2282,21.24767081927833,72.84236163425449,1,True,0.481,49.32
2283,22.29490275107735,70.7570920099258,1,True,0.44,101.7
2284,21.23420164288936,72.82740379133227,1,True,0.268,54.99
2285,21.20789411171561,72.87548011541364,1,True,0.252,67.05
2286,21.24102970770014,72.87598997287755,1,True,0.266,107.46
2287,22.27516986883259,70.77434787235262,1,True,0.518,74.25
2288,23.04690867315914,72.66028997287755,1,True,0.461,57.6
2289,21.21786855215495,72.89214890674592,1,True,0.395,52.83
2290,23.08954110672767,72.65359737434383,1,True,0.512,67.32
2291,22.33378528644995,70.82155778636937,1,True,0.486,98.01
2292,21.22369381290093,72.88845417923734,1,True,0.367,86.22
2293,21.21417709392784,72.87864979629518,1,True,0.42,117.63
2294,22.28026475781737,70.77433066997527,1,True,0.678,118.44
2295,21.72464698166409,70.44355556812285,1,True,0.303,206.01
2296,23.03878186263754,72.66080886144636,1,False,0.0,0.0
2297,21.22686317926965,72.82945516071321,1,True,0.275,74.16
2298,21.22572883684047,72.7385627999306,1,True,0.614,157.05
2299,23.07178512176255,72.66122991170882,1,True,0.263,69.12
2300,23.04622860017051,72.67199696693419,1,True,0.416,80.37
2301,23.0747478306912,72.55646478042601,1,True,0.471,68.04
2302,23.00184837867382,72.60419959259035,1,True,0.48,138.87
2303,22.98697932326682,72.62203562698365,1,False,0.0,0.0
2304,22.27385752034304,70.76194746494296,1,True,0.348,72.0
2305,21.21780068980707,72.90305906515117,1,True,0.431,149.76
2306,23.06265217635725,72.5242456541061,1,True,0.63,71.91
2307,22.24968479392914,70.78206787004468,1,False,0.0,0.0
2308,22.2623900436944,70.77722069940567,1,True,0.43,86.94
2309,21.20466649626256,72.7855867017136,1,False,0.0,0.0
2310,23.07755768583599,72.75842763690946,1,True,0.432,104.58
2311,22.98672734464911,72.62066058168408,1,True,0.287,67.5
2312,21.14728814560159,72.86912909688951,1,False,0.0,0.0
2313,21.73922660175393,70.27960460615158,1,True,0.397,84.87
2314,22.99424075410262,72.61039731779098,1,False,0.0,0.0
2315,23.06954159046284,72.53798699636458,1,True,0.322,182.25
2316,22.33374459788287,70.76947515840526,1,True,0.443,62.01
2317,22.33423810625109,70.76886011772159,1,True,0.447,70.11
2318,21.23015868660109,72.8904075803566,1,True,0.47,62.37
2319,21.24219563949319,72.79029801950459,1,True,0.26,53.19
2320,21.20590508478512,72.7861150968895,1,False,0.0,0.0
2321,23.01025627322173,72.64926087598803,1,False,0.0,0.0
2322,23.05743475572921,72.65214023313523,1,False,0.0,0.0
2323,22.97095082659134,72.61669422817232,1,False,0.0,0.0
2324,23.00870438990579,72.66088618154527,1,False,0.0,0.0
2325,21.20102183241479,72.86354326620103,1,True,0.303,56.88
2326,22.28906751908741,70.77683947486877,1,True,0.352,60.57
2327,21.22724027332968,72.81711574239728,1,False,0.0,0.0
2328,23.07407018881124,72.54715329332349,1,True,0.287,101.97
2329,22.22422504753539,70.7333720687866,1,True,0.302,67.23
2330,21.23747953239817,72.90004133135221,1,True,0.465,102.96
2331,23.11396107640094,72.57244711408616,1,True,0.352,52.11
2332,22.9589270428206,72.62068892030715,1,True,0.468,88.92
2333,22.33371962047372,70.76936787004468,1,True,0.347,61.92
2334,21.21814903699362,72.88241108102034,1,True,0.438,65.52
2335,21.24685084240517,72.89124600496291,1,True,0.569,137.61
2336,22.29949707457154,70.76016697916792,1,False,0.0,0.0
2337,21.19611802786951,72.78143644180295,1,True,0.429,61.74
2338,22.033246821435,71.20435935945513,1,True,0.304,442.71
2339,21.21679365360353,72.89372573974232,1,True,0.343,64.98
2340,22.9685397793925,72.61752221593856,1,True,0.313,78.48
2341,21.20369049422448,72.8639007017136,1,True,0.5,98.46
2342,21.24486040278389,72.88826163425449,1,True,0.421,60.03
2343,22.04618920510089,71.21688492030715,1,True,0.709,102.33
2344,22.29590974044068,70.78926746263502,1,True,0.286,43.11
2345,21.76095236378615,70.6184355704308,1,True,0.514,83.7
2346,23.05782731610189,72.6514455410004,1,True,0.31,97.47
2347,21.25923350758512,72.85167475099561,1,False,0.0,0.0
2348,21.22734117433501,72.88672752380376,1,True,0.336,84.69
2349,21.24273927450711,72.79025510416035,1,True,0.329,173.52
2350,21.24612030013779,72.84458664550779,1,False,0.0,0.0
2351,22.28040510267544,70.7896018673897,1,True,0.562,111.06
2352,21.21543687554334,72.87450693750378,1,False,0.0,0.0
2353,21.13078338998545,72.89035253505703,1,True,0.62,111.87
2354,23.01259883231527,72.59282909688952,1,False,0.0,0.0
2355,23.09427994687737,72.55839545040128,1,True,0.268,46.89
2356,21.14862284258491,72.79727950429917,1,True,0.359,166.41
2357,21.20482761346874,72.78566716798404,1,True,0.255,66.24
2358,21.21725434409042,72.89145957902913,1,True,0.598,56.43
2359,22.94982715177949,72.60178203935621,1,True,0.367,74.07
2360,22.27916782942047,70.77452378902433,1,True,0.417,86.85
2361,22.98629231614057,72.61961452016833,1,False,0.0,0.0
2362,22.96690911039511,72.60339008598325,1,True,0.481,80.82
2363,23.07025530519379,72.65771918287275,1,True,0.572,112.5
2364,21.2100331586343,72.78301527843479,1,False,0.0,0.0
2365,22.22426754214804,70.73336133995053,1,True,0.34,51.21
2366,23.06926891969065,72.5089812245369,1,True,0.706,135.09
2367,22.29161469017305,70.79428588724132,1,True,0.531,122.85
2368,21.31626480936231,72.88282256679538,1,True,0.483,48.51
2369,22.27418736238535,70.76198233366016,1,True,0.44,73.35
2370,22.26931985803174,70.76826699867252,1,True,0.334,55.44
2371,22.95990582420874,72.56037848577503,1,True,0.377,80.55
2372,22.09757810801704,70.77807323446271,1,False,0.0,0.0
2373,21.21665520452124,72.8937579262505,1,True,0.331,75.51
2374,21.22153730285353,72.88445673379897,1,True,0.302,106.38
2375,21.20211217201865,72.87445743551257,1,False,0.0,0.0
2376,23.07351490566087,72.6517348687172,1,True,0.742,102.06
2377,21.73891808813682,70.28001766633984,1,True,0.579,113.49
2378,21.11540972193412,72.83365896329877,1,True,0.427,102.06
2379,21.23003031752806,72.89115591667172,1,True,0.426,70.92
2380,21.20054349978803,72.86395096197128,1,True,0.305,55.71
2381,21.15805378331594,72.77766150066374,1,True,0.403,102.06
2382,21.19634209500892,72.78137475099561,1,True,0.269,94.05
2383,22.26923931297473,70.76863907605744,1,True,0.536,84.33
2384,21.19326789080151,72.87012007605743,1,True,0.256,37.53
2385,22.21145497910313,70.75832075595851,1,True,0.351,60.57
2386,21.26859124483615,72.97056740608217,1,False,0.0,0.0
2387,21.26739849193503,72.9800141507874,1,False,0.0,0.0
2388,21.19685316949543,72.78132915344236,1,True,0.341,47.61
2389,21.24610560939117,72.88568731779098,1,True,0.341,111.78
2390,23.11132038228957,72.60009002943039,1,True,0.643,115.29
2391,22.28097288877826,70.809526878643,1,False,0.0,0.0
2392,23.06836831266646,72.65709848346708,1,True,0.404,78.03
2393,21.19611147981355,72.78829574470522,1,True,0.41,68.67
2394,22.29658994237987,70.82918466501236,1,True,0.458,63.0
2395,21.2292103318539,72.78457125396729,1,True,0.347,68.4
2396,22.33462275393914,70.76946093254088,1,True,0.28,61.65
2397,23.04312618195581,72.6486819262505,1,True,0.418,100.71
2398,22.26666734404647,70.78497661838531,1,True,0.451,85.32
2399,21.19635971826707,72.78032332506183,1,True,0.351,45.54
2400,21.69347848195407,72.97035789947508,1,True,0.525,109.62
2401,21.17353002197275,72.78842189318469,1,True,0.481,101.07
2402,22.99949407097093,72.52969311904906,1,True,0.655,77.94
2403,23.01693538170127,72.69174174966814,1,False,0.0,0.0
2404,23.03989872364258,72.6536107853889,1,False,0.0,0.0
2405,21.21045468737664,72.8762275803566,1,True,0.288,47.97
2406,21.23721525775301,72.90035246759791,1,True,0.478,77.4
2407,22.2352176628127,70.81232530555724,1,True,0.307,80.1
2408,22.9774564063773,72.61579116204068,1,True,0.504,77.22
2409,21.2208663574028,72.89340110912326,1,True,0.516,52.2
2410,21.21906390607597,72.88928920503231,1,True,0.35,81.54
2411,21.20276405513337,72.8651559755325,1,True,0.25,88.92
2412,21.20035971935775,72.86375784292223,1,True,0.319,69.3
2413,21.22777231219847,72.90043177909853,1,True,0.261,154.53
2414,22.24927741651874,70.78133026256562,1,True,0.286,43.02
2415,21.23799613147617,72.85049661607738,1,True,0.259,98.64
2416,21.23771732101501,72.87647854232787,1,True,0.434,55.26
2417,21.24513976565938,72.88841988458637,1,True,0.305,50.13
2418,22.14565154250186,71.45254920503231,1,False,0.0,0.0
2419,21.19857915668256,72.79678198280334,1,True,0.375,59.85
2420,22.33465272648626,70.76945288591384,1,True,0.395,113.76
2421,21.17961871184294,72.84533148479457,1,True,0.35,44.64
2422,23.07028263280758,72.65770040740965,1,True,0.486,110.61
2423,21.21776031056981,72.89276045040128,1,True,0.359,79.2
2424,22.27951264973657,70.77483224306103,1,True,0.482,154.08
2425,22.27439226426012,70.76197696924213,1,True,0.688,81.36
2426,21.2203946904281,72.82953684292222,1,False,0.0,0.0
2427,21.26168226313988,72.95758116798405,1,True,0.321,77.4
2428,21.23819147281581,72.88582752380375,1,True,0.387,63.9
2429,23.07280120079918,72.66131306018828,1,True,0.322,65.07
2430,23.06586461634499,72.51225819377902,1,False,0.0,0.0
2431,21.21843600108679,72.88132210416035,1,True,0.31,38.07
2432,22.27970255078023,70.7734643164635,1,True,0.519,77.49
2433,22.27470744800639,70.78284938888552,1,True,0.448,101.7
2434,21.17952912886214,72.71144827976227,1,True,0.412,95.49
2435,21.25898436960905,72.85141994113921,1,True,0.336,101.52
2436,21.19540513869608,72.806982390213,1,True,0.373,74.52
2437,21.21687420579687,72.89438019874193,1,False,0.0,0.0
2438,21.23721743034893,72.88623253736498,1,True,0.534,88.02
2439,23.03967756813875,72.51534559755325,1,True,0.526,85.5
2440,21.2211120618125,72.85488547983167,1,False,0.0,0.0
2441,22.23619495942687,70.8123548098564,1,True,0.27,147.06
2442,21.16163844348824,72.85823253736497,1,False,0.0,0.0
2443,22.23287486030813,73.18511381845472,1,False,0.0,0.0
2444,23.07513908365926,72.54930577182769,1,True,0.373,93.06
2445,23.06112167309476,72.59459026990586,1,True,0.3,63.18
2446,21.23116554490583,72.89134350066374,1,True,0.44,53.46
2447,22.99934435832223,72.52973982572557,1,True,0.651,73.89
2448,21.21702779193546,72.89186459259035,1,True,0.656,58.95
2449,21.32926165656538,72.75436093254088,1,True,0.482,76.5
2450,23.06819192193203,72.65654058399201,1,True,0.477,72.36
2451,21.2343644806538,72.90554635581971,1,False,0.0,0.0
2452,21.74963131555342,70.61031113624571,1,True,0.59,119.07
2453,21.23423436330571,72.8274627999306,1,False,0.0,0.0
2454,21.21406746726043,72.87376128339768,1,False,0.0,0.0
2455,21.20668577365995,72.8708272638931,1,False,0.0,0.0
2456,23.01793068275591,72.69280273876186,1,True,0.557,76.59
2457,21.23689526643223,72.88588385019307,1,True,0.371,61.29
2458,21.23057278740477,72.82660921230315,1,False,0.0,0.0
2459,21.21559082047587,72.8751819262505,1,False,0.0,0.0
2460,23.04699758989696,72.67011580356602,1,True,0.291,58.41
2461,21.95150126988214,70.7906260638237,1,False,0.0,0.0
2462,21.22308346277201,72.78845660251616,1,False,0.0,0.0
2463,23.03928629822432,72.65981107969286,1,False,0.0,0.0
2464,22.97673296414185,72.61592259028241,1,True,0.489,91.08
2465,21.19706968380992,72.78028040971759,1,True,0.356,62.55
2466,21.8346394439148,70.82306553869246,1,True,0.576,100.44
2467,21.96818182871199,70.7947042245369,1,False,0.0,0.0
2468,22.29424453901773,70.79406862831112,1,False,0.0,0.0
2469,22.314242544136,70.77387049570083,1,False,0.0,0.0
2470,21.17907087113786,72.7117084540367,1,True,0.348,52.2
2471,21.22955836428133,72.86387859888075,1,True,0.495,114.93
2472,21.22814940612028,72.82973947486876,1,False,0.0,0.0
2473,23.05322636139626,72.56047332215945,1,True,0.268,58.41
2474,22.98732237279534,72.62240577182769,1,False,0.0,0.0
2475,21.17086272422082,72.81245537168887,1,True,0.303,85.86
2476,22.73357011386619,72.4404007017136,1,False,0.0,0.0
2477,21.19575045705655,72.7807927116394,1,True,0.404,69.3
2478,22.2601973873505,70.7855911951065,1,True,0.268,61.11
2479,22.29209482104968,70.78928116798406,1,True,0.531,151.38
2480,21.22430295955671,72.88810549206542,1,True,0.372,97.38
2481,21.25878807908245,72.85110075826645,1,False,0.0,0.0
2482,21.2092875824534,72.77636472387316,1,False,0.0,0.0
2483,21.19247230557765,72.87081208598325,1,False,0.0,0.0
2484,21.24134966318558,72.88886705522538,1,True,0.384,39.42
2485,23.06619752651314,72.51222332506183,1,True,0.338,48.51
2486,23.11083359989612,72.59934437532429,1,True,0.588,111.69
2487,22.22410256306362,70.73269346990587,1,True,0.411,107.55
2488,21.21884441258201,72.88350035085679,1,True,0.274,300.87
2489,21.23397763388508,72.82757008829118,1,False,0.0,0.0
2490,21.2202570632381,72.88893247123335,1,False,0.0,0.0
2491,21.21899292954427,72.8833742870331,1,True,0.38,55.17
2492,21.21938192878525,72.87945090541842,1,True,0.254,177.66
2493,22.26274740168761,70.77749428472518,1,True,0.275,98.1
2494,22.28606462703343,70.75681994113921,1,True,0.507,62.01
2495,23.07174537294938,72.66046548213961,1,True,0.401,66.69
2496,21.12464131393534,72.85132880258556,1,False,0.0,0.0
2497,23.06866958013046,72.53791189451216,1,True,0.257,54.9
2498,23.1184639076062,72.57683597784045,1,True,0.349,57.33
2499,21.24164161670918,72.88862297420503,1,True,0.253,50.13
2500,22.3348500457548,70.76845778636937,1,False,0.0,0.0
2501,21.2243,72.9187,0,False,0.0,0.0
2502,21.9245,70.7572,0,True,0.346,211.32
2503,21.1728,72.8674,0,True,0.289,94.95
2504,29.1338,78.4357,0,True,0.594,78.84
2505,22.1586,70.8359,0,True,0.326,43.65
2506,21.3145,72.7949,0,True,0.315,39.42
2507,22.9399,72.6667,0,False,0.0,0.0
2508,22.3079,70.7379,0,True,0.315,121.05
2509,23.58584,72.25468,0,True,0.367,93.6
2510,22.2513,70.8002,0,True,0.456,77.67
2511,22.0151,71.1517,0,True,0.259,70.74
2512,22.0563,70.6597,0,False,0.0,0.0
2513,21.7445,70.2892,0,True,0.618,124.65
2514,22.3951678,70.7893538,0,True,0.312,78.84
2515,22.2454,70.8009,0,True,0.686,94.05
2516,22.3074,70.8092,0,True,0.777,94.59
2517,23.0817,72.6657,0,True,0.474,118.44
2518,23.0208,72.6153,0,True,0.261,70.2
2519,20.81,72.91,0,False,0.0,0.0
2520,13.5601,78.4943,0,True,0.421,57.78
2521,21.73,70.04,0,False,0.0,0.0
2522,21.9586,70.8169,0,True,0.353,149.04
2523,22.7325,72.4294,0,True,0.434,81.63
2524,21.5849,73.6814,0,True,0.666,83.25
2525,21.2596,72.8984,0,False,0.0,0.0
2526,22.3626,70.7589,0,True,0.342,35.37
2527,22.9151,72.1742,0,False,0.0,0.0
2528,21.3792,72.8734,0,False,0.0,0.0
2529,22.2829,70.7925,0,True,0.309,110.25
2530,22.1278,70.8597,0,False,0.0,0.0
2531,21.2411,72.9317,0,True,0.33,60.39
2532,21.8551,70.2459,0,True,0.436,104.04
2533,21.219126,73.170346,0,False,0.0,0.0
2534,22.343,70.8077,0,False,0.0,0.0
2535,23.0723,72.6496,0,True,0.571,150.93
2536,22.727934,72.441412,0,False,0.0,0.0
2537,26.7642,80.9102,0,False,0.0,0.0
2538,21.7669,70.6146,0,True,0.52,101.97
2539,22.3291,70.7693,0,True,0.497,95.94
2540,21.1123,72.8641,0,True,0.357,46.98
2541,23.139,72.0445,0,False,0.0,0.0
2542,22.82771,72.27784,0,True,0.456,79.2
2543,22.3575,70.9398,0,True,0.568,239.31
2544,22.31,70.7293,0,False,0.0,0.0
2545,21.23962,72.933673,0,True,0.326,105.12
2546,55.0681,38.8414,0,True,0.416,120.69
2547,21.7442,70.645,0,True,0.614,65.7
2548,22.0417,71.203,0,True,0.301,80.01
2549,21.2123,72.8271,0,False,0.0,0.0
2550,21.965,70.8197,0,False,0.0,0.0
2551,22.9973,72.5322,0,True,0.338,71.55
2552,21.3051104,72.9137807,0,True,0.396,35.37
2553,21.2956,72.6871,0,False,0.0,0.0
2554,21.2243,72.9188,0,False,0.0,0.0
2555,22.95,72.62,0,True,0.444,87.57
2556,21.9622,70.8151,0,True,0.499,130.5
2557,50.6448,5.5048,0,False,0.0,0.0
2558,22.1837,71.0426,0,False,0.0,0.0
2559,21.1062,73.4317,0,False,0.0,0.0
2560,23.0086,72.6343,0,False,0.0,0.0
2561,21.8552,70.2458,0,False,0.0,0.0
2562,21.0618,72.872,0,True,0.558,64.08
2563,21.384,72.7068,0,False,0.0,0.0
2564,23.1529,72.0227,0,True,0.428,113.85
2565,22.9897,72.5034,0,True,0.503,80.19
2566,21.267808,72.942993,0,True,0.406,87.57
2567,22.2075,70.7895,0,True,0.303,133.65
2568,21.7175,70.4447,0,True,0.742,76.59
2569,21.9688,70.8252,0,False,0.0,0.0
2570,22.4831,70.6317,0,False,0.0,0.0
2571,21.2189,72.9049,0,False,0.0,0.0
2572,23.0934,72.3253,0,True,0.338,63.81
2573,21.198,72.8482,0,False,0.0,0.0
2574,22.2071,70.808,0,True,0.461,116.55
2575,21.2162,72.8969,0,True,0.415,118.71
2576,22.8279,70.8078,0,True,0.606,97.29
2577,21.2219,72.6643,0,True,0.549,180.45
2578,23.238,71.8821,0,False,0.0,0.0
2579,22.3187,70.7279,0,False,0.0,0.0
2580,22.357746,72.166763,0,False,0.0,0.0
2581,22.3404,70.8086,0,True,0.627,133.38
2582,23.0859,72.14,0,False,0.0,0.0
2583,22.3035,70.7322,0,True,0.653,110.07
2584,20.206015,73.870247,0,False,0.0,0.0
2585,22.3112,70.8483,0,True,0.25,52.2
2586,22.3407,70.8088,0,True,0.443,120.15
2587,22.9375,72.651,0,True,0.602,89.91
2588,22.3431,70.8074,0,True,0.303,67.05
2589,22.4419,70.7091,0,False,0.0,0.0
2590,21.2304,72.8626,0,False,0.0,0.0
2591,21.242,72.9171,0,False,0.0,0.0
2592,22.174328,70.84173,0,True,0.325,50.49
2593,22.9399,72.6665,0,False,0.0,0.0
2594,22.3376,70.8116,0,True,0.405,74.88
2595,21.6364,70.1487,0,False,0.0,0.0
2596,21.2748,72.9313,0,True,0.255,79.38
2597,22.9837,72.7057,0,False,0.0,0.0
2598,22.935,72.5788,0,False,0.0,0.0
2599,21.2164,72.8851,0,True,0.308,113.31
2600,21.1357,72.8832,0,False,0.0,0.0
2601,23.0407,72.6631,0,True,0.398,76.14
2602,22.7542,72.4686,0,False,0.0,0.0
2603,21.2043,72.6606,0,True,0.567,153.0
2604,70.2684,21.7374,0,False,0.0,0.0
2605,21.2643,72.8623,0,False,0.0,0.0
2606,22.0554,70.6607,0,False,0.0,0.0
2607,23.0958,72.0027,0,False,0.0,0.0
2608,21.18160229,72.8653604,0,True,0.339,97.11
2609,21.242,72.9169,0,True,0.277,77.85
2610,22.731,72.4338,0,False,0.0,0.0
2611,22.2386,72.1355,0,True,0.382,74.34
2612,23.0891,72.5936,0,True,0.455,56.25
2613,20.8547,73.2337,0,True,0.551,162.45
2614,22.3599,70.9393,0,True,0.665,77.85
2615,21.2252261,73.2135576,0,False,0.0,0.0
2616,21.2353321,72.9190259,0,False,0.0,0.0
2617,22.227,70.9143,0,True,0.355,129.06
2618,23.0629,72.6328,0,False,0.0,0.0
2619,23.0358,72.2106,0,True,0.579,71.46
2620,23.0357,72.2123,0,True,0.389,49.77
2621,21.248444,72.950879,0,False,0.0,0.0
2622,21.2234,73.1198,0,False,0.0,0.0
2623,21.0548,73.1193,0,True,0.288,63.09
2624,23.1202,72.0375,0,False,0.0,0.0
2625,22.2412,70.7931,0,False,0.0,0.0
2626,22.3081,70.8099,0,True,0.821,99.09
2627,21.2598,72.9448,0,True,0.33,140.94
2628,21.5222,70.7109,0,False,0.0,0.0
2629,22.3124,70.738,0,False,0.0,0.0
2630,21.5879,70.7917,0,False,0.0,0.0
2631,21.328278,72.803261,0,True,0.281,429.21
2632,21.2645,72.8623,0,True,0.331,52.74
2633,22.40565,72.15454,0,False,0.0,0.0
2634,20.391897,72.913277,0,True,0.521,95.67
2635,23.17685,72.61954,0,True,0.551,114.21
2636,23.272,71.9264,0,False,0.0,0.0
2637,22.2921,70.7984,0,True,0.357,68.22
2638,29.0897,77.442,0,False,0.0,0.0
2639,22.0516,71.1124,0,False,0.0,0.0
2640,21.2287,72.9162,0,False,0.0,0.0
2641,21.7216,70.4434,0,False,0.0,0.0
2642,21.75467,70.05773,0,False,0.0,0.0
2643,21.8479,70.2362,0,True,0.343,81.99
2644,41.6326,24.863,0,False,0.0,0.0
2645,22.9473,72.4509,0,True,0.477,97.56
2646,21.6503,73.9479,0,False,0.0,0.0
2647,21.2189,72.9048,0,False,0.0,0.0
2648,21.236034,72.872267,0,False,0.0,0.0
2649,22.2839,70.8259,0,False,0.0,0.0
2650,21.2049,72.8415,0,True,0.499,95.22
2651,20.9293,73.2294,0,True,0.535,94.68
2652,23.1438,72.0554,0,True,0.455,82.17
2653,23.9633,72.9863,0,False,0.0,0.0
2654,21.2321,72.9517,0,False,0.0,0.0
2655,23.0058,72.6727,0,True,0.379,130.41
2656,21.2483,72.96,0,False,0.0,0.0
2657,22.3937,71.916,0,False,0.0,0.0
2658,22.6319,72.2992,0,True,0.399,129.69
2659,21.1256,72.8771,0,True,0.372,59.94
2660,11.2941,76.9351,0,True,0.527,104.49
2661,42.7011,2.8919,0,False,0.0,0.0
2662,22.8955,72.6775,0,True,0.498,77.49
2663,22.3198,70.7072,0,False,0.0,0.0
2664,22.3127,70.7325,0,False,0.0,0.0
2665,22.0559,70.6593,0,False,0.0,0.0
2666,22.0,72.0,0,False,0.0,0.0
2667,20.9989,73.0163,0,False,0.0,0.0
2668,23.58584,72.66351,0,False,0.0,0.0
2669,21.24596,72.94886,0,True,0.332,42.12
2670,21.2335,72.9146,0,False,0.0,0.0
2671,22.6815,72.1534,0,False,0.0,0.0
2672,22.2694,70.7355,0,False,0.0,0.0
2673,20.971,73.1538,0,False,0.0,0.0
2674,21.857277,70.419628,0,True,0.27,63.54
2675,22.309,70.7395,0,False,0.0,0.0
2676,21.269252,72.943334,0,True,0.541,80.01
2677,22.3034,70.8044,0,True,0.323,47.16
2678,22.2247,70.8178,0,True,0.384,86.4
2679,23.0899,72.5086,0,True,0.298,110.43
2680,22.3415,70.8075,0,True,0.287,121.77
2681,22.1124,71.0665,0,False,0.0,0.0
2682,22.2833,70.8118,0,True,0.346,58.68
2683,21.9586,70.8211,0,False,0.0,0.0
2684,22.557103,70.604213,0,True,0.58,94.68
2685,21.4068,72.7185,0,False,0.0,0.0
2686,21.172106,72.867988,0,True,0.359,76.95
2687,23.3174,71.9602,0,False,0.0,0.0
2688,21.1495,72.8993,0,False,0.0,0.0
2689,21.237509,72.83857,0,True,0.277,56.34
2690,23.0727,72.3628,0,False,0.0,0.0
2691,21.2425,72.9167,0,True,0.596,81.63
2692,22.2166052,70.7968023,0,True,0.455,46.17
2693,86.5462,113.7813,0,False,0.0,0.0
2694,22.9575,72.6257,0,True,0.264,71.37
2695,22.8252,72.4866,0,True,0.338,92.07
2696,22.898,72.6763,0,True,0.552,176.4
2697,23.0138,72.592,0,True,0.396,92.34
2698,22.2773,70.9091,0,False,0.0,0.0
2699,23.0241,72.4503,0,False,0.0,0.0
2700,22.2035,70.9192,0,False,0.0,0.0
2701,22.3168,70.7361,0,False,0.0,0.0
2702,22.9467,72.6074,0,True,0.391,55.62
2703,21.21234,73.868043,0,True,0.486,128.25
2704,23.2764,72.3219,0,True,0.602,85.77
2705,22.6102,72.4436,0,False,0.0,0.0
2706,22.231378,70.813232,0,True,0.531,178.29
2707,23.0569,72.3868,0,True,0.534,189.81
2708,21.8454,70.3158,0,False,0.0,0.0
2709,22.1526,70.7855,0,True,0.533,79.2
2710,21.2968,73.0394,0,True,0.682,155.61
2711,21.2529,72.9777,0,False,0.0,0.0
2712,22.8365498,72.3627976,0,True,0.422,98.55
2713,22.9358,72.6733,0,True,0.603,117.45
2714,21.7209,70.4437,0,False,0.0,0.0
2715,22.3431,70.8073,0,False,0.0,0.0
2716,22.3285,72.1678,0,False,0.0,0.0
2717,23.9925,72.5286,0,False,0.0,0.0
2718,23.074,73.223,0,False,0.0,0.0
2719,22.4015,70.9318,0,True,0.37,74.79
2720,21.1128,73.3762,0,True,0.367,121.68
2721,22.85466,72.25489,0,False,0.0,0.0
2722,22.7375,72.4459,0,True,0.495,96.75
2723,23.31825,71.6656958,0,False,0.0,0.0
2724,22.8981,72.6774,0,True,0.295,44.73
2725,37.0902,72.834356,0,False,0.0,0.0
2726,21.245912,72.948808,0,True,0.379,97.83
2727,21.7643,70.6162,0,True,0.489,82.89
2728,21.2679,73.004,0,False,0.0,0.0
2729,22.7559,72.4512,0,False,0.0,0.0
2730,20.206069,73.870264,0,False,0.0,0.0
2731,23.037406,72.675548,0,True,0.422,75.33
2732,20.973,72.9832,0,False,0.0,0.0
2733,21.46778,72.78865,0,False,0.0,0.0
2734,22.8933,72.2704,0,False,0.0,0.0
2735,21.1759,72.8561,0,True,0.299,51.21
2736,22.7325,72.4356,0,True,0.573,77.49
2737,22.3142,70.8441,0,False,0.0,0.0
2738,22.8919,88.3937,0,True,0.474,60.93
2739,22.7569,72.4508,0,False,0.0,0.0
2740,22.3055,70.7438,0,False,0.0,0.0
2741,21.158,72.8807,0,True,0.268,48.24
2742,22.2037,70.3793,0,True,0.506,148.32
2743,21.0824,70.1786,0,True,0.708,199.26
2744,22.852,72.3923,0,True,0.636,102.24
2745,21.9484,70.7973,0,True,0.494,149.49
2746,22.321435,70.834561,0,True,0.318,47.88
2747,28.9415,78.4568,0,False,0.0,0.0
2748,22.043,70.8615,0,False,0.0,0.0
2749,21.146344,72.766953,0,False,0.0,0.0
2750,22.7321,72.4346,0,True,0.355,74.7
2751,22.5566,70.6094,0,True,0.333,69.48
2752,22.48552,72.522144,0,False,0.0,0.0
2753,22.2441,70.777,0,False,0.0,0.0
2754,23.0916,72.582,0,True,0.651,123.03
2755,22.9476,72.4506,0,True,0.585,96.48
2756,22.7264,72.4294,0,False,0.0,0.0
2757,21.3139,72.9179,0,True,0.262,66.96
2758,21.253,72.9505,0,False,0.0,0.0
2759,22.3185,70.5452,0,False,0.0,0.0
2760,21.245494,72.954227,0,True,0.266,63.18
2761,21.5099,70.4532,0,True,0.517,45.54
2762,21.1775,73.143,0,False,0.0,0.0
2763,22.309,70.7402,0,False,0.0,0.0
2764,21.9565,70.8155,0,True,0.459,93.87
2765,20.9482,73.2301,0,False,0.0,0.0
2766,22.296,70.7383,0,False,0.0,0.0
2767,22.086781,71.049418,0,False,0.0,0.0
2768,22.3041,70.8681,0,False,0.0,0.0
2769,23.60285,72.3868,0,True,0.438,64.35
2770,21.7252,70.4215,0,False,0.0,0.0
2771,22.885778,72.25468,0,True,0.307,336.06
2772,23.0567,72.6448,0,False,0.0,0.0
2773,22.2146,70.8058,0,True,0.673,125.37
2774,21.2381,72.9731,0,False,0.0,0.0
2775,21.6321,69.5954,0,False,0.0,0.0
2776,22.8248,72.4876,0,True,0.317,75.6
2777,22.3117,70.7402,0,True,0.402,43.92
2778,22.3063,70.746,0,False,0.0,0.0
2779,19.988,73.7235,0,True,0.378,48.15
2780,21.1473,72.8851,0,False,0.0,0.0
2781,22.2832,70.7923,0,True,0.533,133.02
2782,22.4329,70.0555,0,True,0.586,65.16
2783,22.383,70.6791,0,False,0.0,0.0
2784,20.9382,70.8493,0,False,0.0,0.0
2785,21.15189631,72.88178056,0,False,0.0,0.0
2786,24.31303,72.38902,0,True,0.514,135.63
2787,22.9850899,72.4351109,0,True,0.3,67.95
2788,17.039,74.2599,0,True,0.445,61.38
2789,22.3116,70.833945,0,True,0.714,95.31
2790,22.8277,70.8274,0,True,0.576,109.8
2791,29.1119,77.469,0,False,0.0,0.0
2792,22.8179,72.3679,0,False,0.0,0.0
2793,22.3051,70.7371,0,False,0.0,0.0
2794,21.9579,70.8105,0,True,0.431,82.98
2795,21.0945,72.7115,0,True,0.528,97.02
2796,22.7369,72.4281,0,True,0.329,80.64
2797,22.1569,70.8891,0,False,0.0,0.0
2798,21.1615,72.8765,0,True,0.282,45.0
2799,21.9587,70.8082,0,True,0.445,102.6
2800,21.1333,73.1056,0,True,0.285,136.89
2801,21.322653,72.782939,0,False,0.0,0.0
2802,22.009005,72.665991,0,False,0.0,0.0
2803,23.8616465,73.3063313,0,True,0.589,100.62
2804,21.5395,72.8965,0,False,0.0,0.0
2805,23.0058,72.6757,0,True,0.429,99.9
2806,22.3217,70.7353,0,False,0.0,0.0
2807,21.7441,70.6436,0,True,0.742,209.25
2808,23.0066,72.6757,0,False,0.0,0.0
2809,22.3114,70.829,0,True,0.498,325.98
2810,24.1422,73.2196,0,False,0.0,0.0
2811,23.0135,72.5922,0,True,0.34,97.56
2812,21.2047,72.8386,0,False,0.0,0.0
2813,22.3097,70.7403,0,False,0.0,0.0
2814,21.434155,73.161485,0,True,0.526,126.0
2815,22.3114,70.8289,0,True,0.497,317.7
2816,21.3769,72.7193,0,False,0.0,0.0
2817,22.3025,70.8688,0,False,0.0,0.0
2818,21.7423,70.5486,0,True,0.347,64.44
2819,21.297,72.9191,0,True,0.405,87.39
2820,22.3117,70.7388,0,False,0.0,0.0
2821,22.31565,70.833873,0,True,0.676,219.6
2822,22.9816,72.5014,0,True,0.282,59.31
2823,22.3127,70.7363,0,False,0.0,0.0
2824,21.2408,72.9255,0,False,0.0,0.0
2825,22.4417,70.7084,0,False,0.0,0.0
2826,21.2178,73.3177,0,False,0.0,0.0
2827,22.7359,72.435,0,True,0.562,75.87
2828,24.03,72.68,0,False,0.0,0.0
2829,21.2487,72.8435,0,False,0.0,0.0
2830,22.4287,70.058,0,True,0.308,73.8
2831,22.683582,72.336412,0,False,0.0,0.0
2832,22.9716,72.3376,0,True,0.359,134.1
2833,21.8409,70.8286,0,False,0.0,0.0
2834,22.9513,72.5943,0,False,0.0,0.0
2835,22.3321,70.7815,0,True,0.532,74.07
2836,22.316,70.7514,0,True,0.318,84.69
2837,22.6232,70.9584,0,True,0.519,61.56
2838,20.3499,73.0312,0,False,0.0,0.0
2839,22.3821,74.2943,0,False,0.0,0.0
2840,21.1333,72.8839,0,True,0.255,70.74
2841,21.2669,72.8846,0,False,0.0,0.0
2842,22.0654,70.913,0,False,0.0,0.0
2843,22.2919,70.7995,0,True,0.458,70.65
2844,23.085,72.54252,0,False,0.0,0.0
2845,21.1798,72.8874,0,False,0.0,0.0
2846,21.2433,72.9576,0,False,0.0,0.0
2847,22.3328,70.8774,0,True,0.872,163.44
2848,22.6492,72.4127,0,False,0.0,0.0
2849,22.333437,70.7778379,0,True,0.697,95.67
2850,22.155711,70.896304,0,True,0.27,66.78
2851,22.9928,72.3697,0,True,0.571,89.01
2852,22.272,70.8295,0,True,0.718,90.81
2853,21.296,72.7656,0,False,0.0,0.0
2854,22.179304,70.653848,0,True,0.704,85.5
2855,23.0293,72.1715,0,False,0.0,0.0
2856,23.0629,72.6288,0,True,0.4,55.62
2857,21.133,72.8836,0,True,0.447,72.27
2858,22.7562,72.451,0,False,0.0,0.0
2859,22.3017,70.741,0,False,0.0,0.0
2860,21.7461,70.2816,0,True,0.463,161.01
2861,22.9351,72.5794,0,False,0.0,0.0
2862,22.336828,70.81299,0,True,0.442,391.41
2863,21.292,72.9034,0,False,0.0,0.0
2864,23.2424,72.6446,0,True,0.486,157.77
2865,23.0631,72.6287,0,True,0.367,74.25
2866,21.295572,72.89477,0,True,0.325,44.91
2867,22.7337,72.4351,0,True,0.391,125.1
2868,22.3166,70.7389,0,True,0.452,68.04
2869,22.3092,70.7322,0,False,0.0,0.0
2870,22.4417,70.7087,0,False,0.0,0.0
2871,21.2515,72.7957,0,False,0.0,0.0
2872,23.0064,72.6757,0,False,0.0,0.0
2873,21.2382,72.9734,0,True,0.333,225.36
2874,21.26832,72.9438,0,True,0.445,56.7
2875,22.0222,71.1317,0,True,0.302,98.46
2876,22.9154,72.1744,0,False,0.0,0.0
2877,21.2382,72.9736,0,False,0.0,0.0
2878,22.3416,70.8078,0,True,0.493,78.57
2879,22.3091,70.7407,0,False,0.0,0.0
2880,22.2172,70.818,0,False,0.0,0.0
2881,22.2577,70.7881,0,True,0.357,72.45
2882,28.6996,77.7911,0,False,0.0,0.0
2883,21.2515,72.7928,0,False,0.0,0.0
2884,21.677514,70.369563,0,True,0.259,39.06
2885,21.756,72.643,0,False,0.0,0.0
2886,22.3083,70.7345,0,False,0.0,0.0
2887,22.0467,71.2047,0,True,0.252,79.74
2888,22.9772,72.1072,0,True,0.256,39.06
2889,23.0138,72.591,0,True,0.375,90.54
2890,23.0495,72.4179,0,False,0.0,0.0
2891,22.6,70.24,0,False,0.0,0.0
2892,23.0583,72.1858,0,False,0.0,0.0
2893,22.4373,70.5986,0,True,0.411,51.03
2894,21.2536,72.9691,0,False,0.0,0.0
2895,22.73,72.505,0,False,0.0,0.0
2896,22.7302,72.4312,0,False,0.0,0.0
2897,21.9571,70.8136,0,True,0.453,74.97
2898,22.312,70.7392,0,False,0.0,0.0
2899,21.1702,72.8311,0,False,0.0,0.0
2900,21.9471,70.7977,0,True,0.337,167.58
2901,21.2577,72.8673,0,True,0.301,83.25
2902,23.0926,72.3266,0,True,0.329,63.72
2903,22.442,70.7087,0,False,0.0,0.0
2904,22.9759,72.4976,0,True,0.32,68.67
2905,23.0931,72.5126,0,True,0.294,94.41
2906,22.4689,70.5749,0,False,0.0,0.0
2907,23.0148,72.5941,0,False,0.0,0.0
2908,22.5621,71.256,0,False,0.0,0.0
2909,22.3796,71.9832,0,False,0.0,0.0
2910,26.4108,74.6532,0,True,0.416,49.32
2911,22.2592,70.7143,0,True,0.835,85.86
2912,22.17,70.84,0,False,0.0,0.0
2913,23.5251,72.2561,0,True,0.403,124.11
2914,23.1003,72.6684,0,True,0.259,67.32
2915,21.2435,72.9578,0,False,0.0,0.0
2916,21.6296,73.3896,0,False,0.0,0.0
2917,22.7344,72.4254,0,False,0.0,0.0
2918,23.0044,72.7761,0,True,0.482,117.72
2919,22.8861,72.4828,0,True,0.603,80.28
2920,22.342,70.8074,0,False,0.0,0.0
2921,22.3045,70.7308,0,True,0.601,110.7
2922,21.2974,72.7605,0,True,0.403,53.73
2923,22.992178,72.382778,0,True,0.439,106.83
2924,21.9636,70.8166,0,True,0.481,101.43
2925,22.2994,70.79,0,True,0.52,107.46
2926,22.7439,72.437,0,True,0.777,162.72
2927,21.3845448,73.10174517,0,True,0.301,86.04
2928,22.3051,70.7414,0,True,0.374,119.07
2929,21.2643,72.9592,0,True,0.576,145.26
2930,22.4894,70.7392,0,False,0.0,0.0
2931,21.7453,72.6314,0,True,0.54,73.53
2932,23.0125702,72.6362652,0,False,0.0,0.0
2933,22.1002,71.4176,0,False,0.0,0.0
2934,21.963367,70.869378,0,False,0.0,0.0
2935,21.245932,72.94884,0,True,0.308,60.12
2936,21.2488,72.8434,0,True,0.377,172.44
2937,22.9492,72.3806,0,True,0.309,93.33
2938,22.343,70.8072,0,True,0.541,30.96
2939,22.374,70.7332,0,True,0.325,134.19
2940,21.9573,70.8183,0,True,0.276,76.5
2941,23.3943,73.2052,0,False,0.0,0.0
2942,22.907,72.6483,0,True,0.461,36.81
2943,22.3157,70.5476,0,False,0.0,0.0
2944,21.2553,72.8432,0,True,0.381,76.68
2945,29.1576,78.1494,0,True,0.302,106.83
2946,22.7833,72.2669,0,True,0.567,52.56
2947,22.236812,70.823734,0,True,0.611,284.94
2948,23.1286,72.5682,0,True,0.332,91.44
2949,21.1467,72.8713,0,True,0.331,75.69
2950,21.2422,72.9163,0,True,0.581,175.5
2951,23.0073,72.5831,0,False,0.0,0.0
2952,29.1509,77.697,0,False,0.0,0.0
2953,21.2623,72.8181,0,True,0.448,81.0
2954,22.7446,72.4267,0,False,0.0,0.0
2955,23.0027,72.5214,0,False,0.0,0.0
2956,21.146892,72.87081,0,False,0.0,0.0
2957,21.4396,73.1333,0,True,0.436,74.43
2958,21.2017,72.8388,0,True,0.59,143.19
2959,22.2308,70.8138,0,True,0.54,60.03
2960,21.229,72.8067,0,False,0.0,0.0
2961,22.0361,71.2169,0,False,0.0,0.0
2962,21.7211,70.4461,0,True,0.344,66.06
2963,22.3094,70.7504,0,False,0.0,0.0
2964,21.3289,72.7067,0,False,0.0,0.0
2965,20.880201,72.9733,0,False,0.0,0.0
2966,21.1329,72.8836,0,False,0.0,0.0
2967,21.104924,73.328683,0,False,0.0,0.0
2968,21.4572762,72.9299337,0,True,0.427,67.68
2969,21.2682,73.0562,0,True,0.317,119.97
2970,22.0082,71.157,0,True,0.483,74.16
2971,22.9341,73.9576,0,False,0.0,0.0
2972,23.5779,70.6513,0,True,0.514,49.59
2973,21.9563,70.813,0,True,0.464,90.99
2974,23.0931,72.3267,0,False,0.0,0.0
2975,21.2381,72.9736,0,False,0.0,0.0
2976,21.1621,72.8759,0,False,0.0,0.0
2977,22.0239,70.611,0,False,0.0,0.0
2978,23.0107,72.6062,0,True,0.34,36.54
2979,22.3175,70.7353,0,False,0.0,0.0
2980,23.023,72.3902,0,True,0.444,115.11
2981,21.6213,70.3436,0,True,0.292,78.57
2982,22.8629,70.8286,0,False,0.0,0.0
2983,23.055,72.6321,0,True,0.456,44.46
2984,21.144,72.8347,0,False,0.0,0.0
2985,23.1322,72.0434,0,True,0.572,117.0
2986,23.0393,72.6678,0,True,0.303,66.96
2987,21.8167,70.561,0,False,0.0,0.0
2988,22.3851,71.98,0,True,0.407,87.3
2989,22.2292,70.863445,0,False,0.0,0.0
2990,22.3254,70.8323,0,False,0.0,0.0
2991,22.4215,71.9266,0,False,0.0,0.0
2992,22.0801,71.0079,0,True,0.362,66.06
2993,21.9144,70.7885,0,True,0.278,76.59
2994,19.2048,72.9999,0,False,0.0,0.0
2995,22.0959,70.7756,0,False,0.0,0.0
2996,23.2564564,72.1564,0,False,0.0,0.0
2997,23.0649,72.6431,0,False,0.0,0.0
2998,22.7325,72.4354,0,True,0.515,76.95
2999,21.2395,72.93381,0,True,0.317,109.98
3000,21.9586,70.809,0,True,0.474,147.69
